"AÑO","FECHA","HORA DEL ACCIDENTE","DESCRIPCION DE CALZADA 1","NUMERO DE PORTAL","DESCRIPCION DE CALZADA 2","DESCRIPCION DEL TIPO DE ACCIDENTE","ILESOS","LEVES","GRAVES","MUERTOS","NUMERO DE PEATONES","NUMERO DE VEHICULOS"
2014,"29/07/2014","21:30","BARAJAS (DE)",1," ","COLISION LATERAL",2,0,0,0,0,2
2014,"14/02/2014","18:10","A-1 14.500 (CARREFOUR)",," ","COLISION POR ALCANCE",0,0,0,0,0,0
2014,"15/12/2014","13:04","MENINA",," ","COLISION FRONTOLATERAL",0,0,0,0,0,0
2014,"01/01/2014","07:45","CAMINO ALTO",18," ","CHOQUE CON ARBOL",1,0,0,0,0,1
2014,"02/01/2014","21:00","CHOPERA","CV","DOCTOR CASIMIRO MORCILLO","COLISION FRONTAL",2,1,0,0,0,2
2014,"03/01/2014","06:43","A-1 (SALIDA 16) BRUSELAS",," ","CHOQUE MOB. URBA. SEÑAL.",1,0,0,0,0,1
2014,"03/01/2014","11:10","ESPAÑA",,"IBIZA","CHOQUE CON MURO",2,1,0,0,0,1
2014,"03/01/2014","16:07","CACERES",10," ","CHOQUE MOB. URBA. SEÑAL.",1,0,0,0,0,1
2014,"03/01/2014","16:55","CHOPERA","CV","ESPAÑA","COLISION FRONTOLATERAL",2,0,0,0,0,2
2014,"03/01/2014","19:50","RUPERTO CHAPI",39," ","ATROPELLO PEATON",1,1,0,0,1,1
2014,"03/01/2014","20:40","PARKING TANATORIO LA PAZ","SN"," ","CHOQUE CON VEH. ESTACIONADO",2,0,0,0,0,2
2014,"03/01/2014","19:40","ESPAÑA",14,"MARQUES DE LA VALDAVIA","COLISION FRONTAL",2,0,0,0,0,2
2014,"04/01/2014","05:30","MOSCATELARES",,"ESPAÑA","CHOQUE MOB. URBA. SEÑAL.",2,0,0,0,0,2
2014,"04/01/2014","06:25","CAMINO ALTO",,"CAMINO SUR","CHOQUE MOB. URBA. SEÑAL.",1,0,0,0,0,1
2014,"04/01/2014","15:00","ISAAC ALBENIZ","CV","JAEN","COLISION LATERAL",2,0,0,0,0,2
2014,"04/01/2014","20:05","FUENCARRAL",1400," ","CHOQUE CON VEH. ESTACIONADO",1,0,0,0,0,2
2014,"05/01/2014","06:45","ROSALIA DE CASTRO",,"BLAS DE OTERO","CHOQUE MOB. URBA. SEÑAL.",3,0,0,0,0,1
2014,"05/01/2014","19:30","ESPAÑA","CV","MARQUESA VIUDA ALDAMA","COLISION POR ALCANCE",2,0,0,0,0,2
2014,"05/01/2014","22:10","BRUSELAS",23," ","ATROPELLO PEATON",2,0,0,0,1,1
2014,"07/01/2014","08:10","A-1 14.500 (CARREFOUR)",,"FRANCISCO CHICO MENDES","ATROPELLO PEATON",1,1,0,0,1,1
2014,"07/01/2014","10:35","ESPAÑA",50," ","ATROPELLO PEATON",1,0,1,0,1,1
2014,"07/01/2014","15:50","EUROPA",13," ","COLISION FRONTOLATERAL",3,0,0,0,0,2
2014,"08/01/2014","11:35","A-1 14.500 (CARREFOUR)",," ","COLISION FRONTOLATERAL",3,0,0,0,0,3
2014,"09/01/2014","14:40","VALDELAPARRA",124," ","COLISION FRONTAL",2,0,0,0,0,2
2014,"09/01/2014","17:45","OLIVAR",,"MANUEL DE FALLA","ATROPELLO PEATON",1,1,0,0,1,1
2014,"10/01/2014","11:50","SANTIAGO APOSTOL",16," ","CHOQUE CON VEH. ESTACIONADO",2,0,0,0,0,2
2014,"10/01/2014","16:50","SALVIA",48," ","CHOQUE CON VEH. ESTACIONADO",2,0,0,0,0,2
2014,"10/01/2014","15:20","SEPULVEDA",21," ","COLISION LATERAL",1,1,0,0,0,2
2014,"10/01/2014","19:36","MIGUEL DE CERVANTES",,"DOLORES IBARRURI","ATROPELLO PEATON",0,1,1,0,1,1
2014,"11/01/2014","11:20","FAYON",,"MEQUINENZA","CHOQUE CON VEH. ESTACIONADO",0,0,0,0,0,2
2014,"11/01/2014","16:15","LIBERTAD",,"CAPITAN FRANCISCO SANCHEZ","CHOQUE MOB. URBA. SEÑAL.",1,0,0,0,0,1
2014,"11/01/2014","11:50","CONCILIO",9," ","COLISION LATERAL",2,0,0,0,0,2
2014,"13/01/2014","07:15","VALDELAPARRA",,"DOCTOR SEVERO OCHOA","CAIDA MOTORISTA",0,1,0,0,0,1
2014,"10/01/2014","09:35","MARQUES DE LA VALDAVIA",,"LIBERTAD","ATROPELLO PEATON",1,1,0,0,1,1
2014,"13/01/2014","17:15","RAFAEL NADAL","CV","FERNANDO ALONSO","CHOQUE MOB. URBA. SEÑAL.",4,0,0,0,0,2
2014,"15/01/2014","03:00","MORALEJA",," ","CHOQUE CON OBSTACULO",2,0,0,0,0,2
2014,"15/01/2014","12:58","SALVADOR ALLENDE",1," ","COLISION LATERAL",3,0,0,0,0,2
2014,"15/01/2014","17:03","DOCTOR SEVERO OCHOA",29," ","CHOQUE CON VEH. ESTACIONADO",0,0,0,0,0,2
2014,"15/01/2014","19:20","MARQUES DE LA VALDAVIA",111," ","COLISION POR ALCANCE",1,2,0,0,0,3
2014,"17/01/2014","07:50","FUEGO",40," ","CHOQUE CON VEH. ESTACIONADO",2,0,0,0,0,2
2014,"17/01/2014","16:40","BRUSELAS",5," ","COLISION POR ALCANCE",2,0,0,0,0,3
2014,"17/01/2014","17:55","VALDELAPARRA",," ","COLISION POR ALCANCE",2,0,0,0,0,2
2014,"17/01/2014","22:01","ILUSION",,"VALDELAPARRA","CAIDA MOTORISTA",1,1,0,0,0,2
2014,"18/01/2014","00:50","ISAAC ALBENIZ",14," ","CHOQUE MOB. URBA. SEÑAL.",4,0,0,0,0,2
2014,"18/01/2014","06:15","DOCTOR SEVERO OCHOA",9," ","CHOQUE CON VEH. ESTACIONADO",4,0,0,0,0,4
2014,"18/01/2014","06:29","SALVADOR ALLENDE",43," ","CHOQUE MOB. URBA. SEÑAL.",1,0,0,0,0,2
2014,"18/01/2014","13:00","FUENCARRAL",83," ","CHOQUE CON VEH. ESTACIONADO",2,0,0,0,0,2
2014,"18/01/2014","12:15","CHOPERA",,"DOCTOR SEVERO OCHOA","COLISION FRONTOLATERAL",5,0,0,0,0,2
2014,"17/01/2014","15:35","CAMINO SUR",10," ","CAIDA MOTORISTA",1,0,0,0,0,1
2014,"19/01/2014","17:13","VIGO",1," ","CHOQUE CON VEH. ESTACIONADO",1,0,0,0,0,2
2014,"17/01/2014","22:00","VALDELAPARRA",124," ","CHOQUE CON VEH. ESTACIONADO",2,0,0,0,0,2
2014,"19/01/2014","21:55","AZALEA",,"ZARZAMORA","COLISION FRONTAL",1,0,1,0,0,2
2014,"20/01/2014","13:50","MANUEL DE FALLA",67," ","CHOQUE CON VEH. ESTACIONADO",3,0,0,0,0,3
2014,"20/01/2014","17:45","FUENCARRAL",56," ","CHOQUE CON VEH. ESTACIONADO",2,0,0,0,0,2
2014,"19/01/2014","14:00","MARQUES DE LA VALDAVIA",140," ","COLISION POR ALCANCE",1,2,0,0,0,2
2014,"20/01/2014","16:25","JOSE ECHEGARAY",2," ","COLISION LATERAL",2,0,0,0,0,2
2014,"20/01/2014","18:00","BEGONIA",2," ","COLISION POR ALCANCE",2,0,0,0,0,2
2014,"21/01/2014","16:30","CAMILO JOSE CELA",12," ","COLISION LATERAL",2,0,0,0,0,2
2014,"23/01/2014","08:30","ERMITA",,"VEGA","COLISION FRONTOLATERAL",4,0,0,0,0,2
2014,"23/01/2014","15:30","MADRID",,"ESPAÑA","COLISION LATERAL",1,1,0,0,0,2
2014,"24/01/2014","17:15","CAMINO DE HOYARRASA",31," ","COLISION FRONTOLATERAL",2,0,0,0,0,2
2014,"25/01/2014","04:00","ESPAÑA",,"FUEGO","COLISION POR ALCANCE",6,0,0,0,0,2
2014,"25/01/2014","06:50","ESPAÑA",58," ","COLISION POR ALCANCE",2,0,0,0,0,2
2014,"25/01/2014","20:30","FUEGO","CV","CORONACION","CHOQUE CON VEH. ESTACIONADO",2,0,0,0,0,2
2014,"26/01/2014","08:18","BARAJAS (DE)",1,"ESPAÑA","CHOQUE MOB. URBA. SEÑAL.",1,0,0,0,0,1
2014,"26/01/2014","19:50","FUENCARRAL","KM 4"," ","COLISION FRONTOLATERAL",5,0,0,0,0,2
2014,"27/01/2014","12:59","VEGA",,"FRANCISCA DELGADO","CAIDA PASAJERO",1,2,0,0,0,1
2014,"27/01/2014","12:59","CHOPERA",74," ","COLISION POR ALCANCE",2,0,0,0,0,2
2014,"27/01/2014","10:00","ALCOBENDAS",,"AZALEA","COLISION LATERAL",2,0,0,0,0,2
2014,"27/01/2014","17:05","ALCOBENDAS",9," ","ATROPELLO PEATON",0,1,1,0,1,2
2014,"28/01/2014","12:05","CACERES",,"SANDALIO AGUADO","COLISION POR ALCANCE",1,2,0,0,0,2
2014,"28/01/2014","11:50","FUENTIDUEÑA",,"ALICANTE","CHOQUE CON VEH. ESTACIONADO",3,0,0,0,0,2
2014,"28/01/2014","09:00","SALVADOR ALLENDE",,"MENINA","COLISION FRONTOLATERAL",2,0,0,0,0,2
2014,"29/01/2014","07:30","BARAJAS (DE)",,"VEGA","COLISION POR ALCANCE",2,0,0,0,0,2
2014,"29/01/2014","16:15","DOLORES IBARRURI",21," ","CHOQUE CON VEH. ESTACIONADO",1,0,0,0,0,2
2014,"29/01/2014","17:05","ISAAC ALBENIZ",15," ","CHOQUE CON VEH. ESTACIONADO",3,0,0,0,0,3
2014,"29/01/2014","16:45","FUENCARRAL",1," ","CHOQUE CON VEH. ESTACIONADO",2,0,0,0,0,2
2014,"29/01/2014","23:30","ESPAÑA",54," ","COLISION FRONTOLATERAL",2,1,0,0,0,2
2014,"29/01/2014","14:25","GRANJA",49," ","CHOQUE CON VEH. ESTACIONADO",2,0,0,0,0,2
2014,"30/01/2014","13:25","ESPAÑA",40," ","ATROPELLO PEATON",2,1,0,0,2,1
2014,"30/01/2014","17:20","JARAMA",38," ","COLISION LATERAL",3,1,0,0,0,2
2014,"31/01/2014","17:15","JACQUES COUSTEAU",,"FRANCISCO JAVIER SAUQUILLO","CHOQUE CON VEH. ESTACIONADO",0,0,0,0,0,2
2014,"31/01/2014","18:20","MANUEL DE FALLA",28," ","COLISION FRONTOLATERAL",2,0,0,0,0,2
2014,"31/01/2014","20:55","BEGONIA",90," ","COLISION FRONTOLATERAL",1,0,1,0,0,2
2014,"01/02/2014","05:30","RUPERTO CHAPI",,"TARRAGONA","CHOQUE MOB. URBA. SEÑAL.",4,0,0,0,0,2
2014,"02/02/2014","06:20","BARAJAS (DE)",,"A-1 (SALIDA 17)","COLISION FRONTOLATERAL",3,1,0,0,0,2
2014,"04/02/2014","01:50","CHOPERA",25," ","CHOQUE CON VEH. ESTACIONADO",2,0,0,0,0,3
2014,"04/02/2014","07:00","CHOPERA",121," ","COLISION FRONTOLATERAL",1,1,0,0,0,2
2014,"04/02/2014","08:45","MENINA",," ","COLISION FRONTOLATERAL",2,0,0,0,0,2
2014,"04/02/2014","14:35","VEREDILLA","CV","ALCOBENDAS","COLISION FRONTOLATERAL",2,0,0,0,0,2
2014,"04/02/2014","15:10","MENINA","SN"," ","COLISION FRONTOLATERAL",2,0,0,0,0,2
2014,"04/02/2014","20:10","MARQUES DE LA VALDAVIA",,"DOCTOR SEVERO OCHOA","COLISION LATERAL",2,0,0,0,0,2
2014,"05/02/2014","12:45","PINTOR VELAZQUEZ",," ","COLISION POR ALCANCE",2,0,0,0,0,2
2014,"06/02/2014","02:45","BRUSELAS",22," ","CHOQUE MOB. URBA. SEÑAL.",2,0,0,0,0,2
2014,"06/02/2014","11:55","FUEGO",,"VALDEMORO","ATROPELLO PEATON",1,1,0,0,1,1
2014,"06/02/2014","18:20","VIA SERVICIO A-1",,"MENINA","COLISION POR ALCANCE",2,0,0,0,0,2
2014,"06/02/2014","14:50","DE LA VEGA",10," ","COLISION FRONTAL",1,0,0,0,0,1
2014,"06/02/2014","19:09","SUERTE","CV","ALEGRIA","ATROPELLO PEATON",0,2,0,0,1,1
2014,"06/02/2014","23:00","A-1 (SALIDA 16)",," ","CHOQUE MOB. URBA. SEÑAL.",1,0,0,0,0,1
2014,"06/02/2014","12:00","CHOPERA",,"VALDELAPARRA","COLISION POR ALCANCE",2,0,0,0,0,2
2014,"07/02/2014","16:40","ESCORIAL",66," ","COLISION POR ALCANCE",2,0,0,0,0,2
2014,"06/02/2014","22:33","BRUSELAS",37," ","CHOQUE MOB. URBA. SEÑAL.",1,0,0,0,0,1
2014,"07/02/2014","18:30","CONSTITUCION",,"MANUEL DE FALLA","COLISION FRONTOLATERAL",4,0,0,0,0,2
2014,"08/02/2014","05:15","CAMINO DEL GOLF",1,"CAMINO SUR","CHOQUE CON MURO",1,0,0,0,0,1
2014,"08/02/2014","14:15","AZALEA",205," ","CAIDA MOTORISTA",2,0,0,0,0,2
2014,"08/02/2014","19:15","CAMILO JOSE CELA",,"JUAN RAMON JIMENEZ","ATROPELLO PEATON",1,2,0,0,2,1
2014,"08/02/2014","15:50","LIBERTAD",18," ","COLISION FRONTOLATERAL",2,0,0,0,0,2
2014,"08/02/2014","06:35","CHOPERA",25," ","CHOQUE CON VEH. ESTACIONADO",2,0,0,0,0,3
2014,"08/02/2014","22:30","FUEGO",,"ISABEL ROSILLO","COLISION FRONTAL",2,0,0,0,0,2
2014,"09/02/2014","17:35","M-616 (GOLOSO)",1," ","SALIDA DE VIA",1,0,0,0,0,1
2014,"09/02/2014","19:35","JARAMA",40," ","CHOQUE CON VEH. ESTACIONADO",2,0,0,0,0,2
2014,"10/02/2014","13:40","DOLORES IBARRURI",,"FEDERICO MORENO TORROBA","COLISION POR ALCANCE",2,0,0,0,0,2
2014,"10/02/2014","14:45","OLIVAR","CV","CALDERON DE LA BARCA","COLISION POR ALCANCE",3,0,0,0,0,2
2014,"10/02/2014","18:10","MARQUES DE LA VALDAVIA",,"VALDELAPARRA","COLISION FRONTOLATERAL",2,0,0,0,0,2
2014,"11/02/2014","02:30","METALURGIA",1," ","SALIDA DE VIA",2,0,0,0,0,2
2014,"11/02/2014","08:00","ANABEL SEGURA",7," ","CHOQUE CON VEH. ESTACIONADO",0,0,0,0,0,2
2014,"10/02/2014","16:00","A-1 (SALIDA 16)",," ","COLISION FRONTOLATERAL",1,0,0,0,0,1
2014,"11/02/2014","19:20","ERMITA",1," ","CHOQUE CON VEH. ESTACIONADO",2,0,0,0,0,2
2014,"12/02/2014","15:00","ESPAÑA",54," ","COLISION POR ALCANCE",0,3,0,0,0,3
2014,"12/02/2014","18:15","DE LA VEGA",1," ","COLISION LATERAL",2,0,0,0,0,2
2014,"12/02/2014","16:40","BRUSELAS",21," ","COLISION FRONTOLATERAL",2,0,0,0,0,2
2014,"12/02/2014","21:01","CONSTITUCION",," ","COLISION POR ALCANCE",2,0,0,0,0,2
2014,"13/02/2014","17:30","VALDELAPARRA",,"DOCTOR SEVERO OCHOA","COLISION LATERAL",2,0,0,0,0,2
2014,"13/02/2014","17:30","MANUEL DE FALLA",18," ","CHOQUE CON VEH. ESTACIONADO",2,0,0,0,0,2
2014,"14/02/2014","04:15","DALIA",93,"JAZMIN","CHOQUE CON MURO",2,0,0,0,0,2
2014,"14/02/2014","07:40","CHOPERA",,"QUEVEDO","COLISION FRONTOLATERAL",2,1,0,0,0,2
2014,"14/02/2014","10:55","A-1 (SALIDA 16) BRUSELAS",,"BRUSELAS","CAIDA MOTORISTA",0,1,0,0,0,1
2014,"14/02/2014","17:05","ESPAÑA",,"NUESTRA SEÑORA DEL PILAR","COLISION POR ALCANCE",1,1,0,0,0,2
2014,"14/02/2014","19:20","RUPERTO CHAPI",30," ","CHOQUE CON VEH. ESTACIONADO",4,0,0,0,0,2
2014,"14/02/2014","19:40","ESPAÑA",52," ","CHOQUE CON VEH. ESTACIONADO",2,0,0,0,0,2
2014,"14/02/2014","19:40","BRUSELAS","CV","ANABEL SEGURA","COLISION FRONTAL",2,0,0,0,0,2
2014,"13/02/2014","04:10","CONSTITUCION",7," ","CHOQUE CON OBSTACULO",2,0,0,0,0,1
2014,"14/02/2014","22:32","PETUNIA",40," ","CHOQUE CON VEH. ESTACIONADO",1,0,0,0,0,2
2014,"14/02/2014","16:23","BLAS DE OTERO",13," ","COLISION POR ALCANCE",2,0,0,0,0,2
2014,"16/02/2014","02:00","MARQUES DE LA VALDAVIA","CV","LIBERTAD","CHOQUE CON VEH. ESTACIONADO",2,0,0,0,0,2
2014,"16/02/2014","19:20","CHOPERA",45," ","CHOQUE CON VEH. ESTACIONADO",2,0,0,0,0,2
2014,"16/02/2014","12:40","CONDE DE LOS GAITANES",," ","CHOQUE MOB. URBA. SEÑAL.",1,0,0,0,0,1
2014,"13/02/2014","11:10","A-1 14.500 (CARREFOUR)",," ","COLISION LATERAL",2,0,0,0,0,2
2014,"17/02/2014","18:20","BARAJAS (DE)",,"VEGA","COLISION FRONTOLATERAL",2,0,0,0,0,2
2014,"17/02/2014","12:00","BRUSELAS",1200," ","CHOQUE CON VEH. ESTACIONADO",2,0,0,0,0,2
2014,"18/02/2014","16:50","BRUSELAS",6," ","CHOQUE CON VEH. ESTACIONADO",1,0,0,0,0,2
2014,"18/02/2014","17:05","MARQUESA VIUDA ALDAMA",46," ","CHOQUE CON VEH. ESTACIONADO",2,0,0,0,0,2
2014,"18/02/2014","19:55","CHOPERA",150," ","COLISION LATERAL",2,0,0,0,0,2
2014,"20/02/2014","08:45","ILUSION",," ","COLISION POR ALCANCE",0,2,0,0,0,2
2014,"20/02/2014","13:05","CALENDULA",,"A-1 (SALIDA 14) VIA SERV.ALCOB","COLISION POR ALCANCE",2,0,0,0,0,2
2014,"20/02/2014","18:35","ROSALIA DE CASTRO",5," ","CHOQUE CON VEH. ESTACIONADO",1,0,0,0,0,2
2014,"20/02/2014","15:40","LIBERTAD",54," ","COLISION POR ALCANCE",2,0,0,0,0,2
2014,"21/02/2014","14:00","MARQUESA VIUDA ALDAMA",60," ","CHOQUE CON VEH. ESTACIONADO",2,0,0,0,0,2
2014,"20/02/2014","20:00","CHOPERA",," ","CHOQUE CON VEH. ESTACIONADO",2,0,0,0,0,2
2014,"21/02/2014","15:10","VALPORTILLO I",,"INDUSTRIA","CHOQUE CON VEH. ESTACIONADO",2,0,0,0,0,2
2014,"21/02/2014","20:00","MARQUES DE LA VALDAVIA",," ","COLISION POR ALCANCE",2,1,0,0,0,2
2014,"22/02/2014","13:35","CUESTABLANCA",16," ","ATROPELLO PEATON",2,0,1,0,1,1
2014,"22/02/2014","17:30","ESTAFETA",1," ","CAIDA MOTORISTA",0,1,0,0,0,1
2014,"23/02/2014","17:20","OLIMPICA",1," ","CHOQUE CON VEH. ESTACIONADO",2,0,0,0,0,2
2014,"24/02/2014","13:40","VEGA",11," ","ATROPELLO PEATON",1,0,1,0,1,1
2014,"24/02/2014","15:30","FUENCARRAL",1," ","COLISION FRONTOLATERAL",2,0,0,0,0,2
2014,"24/02/2014","18:40","CONDE DE LOS GAITANES",6," ","SALIDA DE VIA",2,0,0,0,0,3
2014,"24/02/2014","19:05","MIGUEL DE CERVANTES","SN"," ","COLISION LATERAL",2,0,0,0,0,2
2014,"24/02/2014","15:05","CONSTITUCION","CV","ORENSE","ATROPELLO PEATON",1,0,1,0,1,1
2014,"25/02/2014","21:45","BEGONIA",100," ","CHOQUE CON VEH. ESTACIONADO",2,0,0,0,0,2
2014,"26/02/2014","19:30","ISAAC ALBENIZ","CV","RUPERTO CHAPI","ATROPELLO PEATON",3,1,0,0,2,2
2014,"26/02/2014","18:35","ILUSION","SN"," ","CHOQUE CON OBSTACULO",2,0,0,0,0,2
2014,"26/02/2014","18:10","MARQUESA VIUDA ALDAMA",23," ","CHOQUE CON VEH. ESTACIONADO",2,0,0,0,0,2
2014,"27/02/2014","19:05","SALVADOR ALLENDE","CV","MENINA","COLISION POR ALCANCE",1,1,0,0,0,2
2014,"27/02/2014","22:20","BARAJAS (DE)",,"RAFAEL NADAL","COLISION FRONTOLATERAL",4,0,0,0,0,2
2014,"28/02/2014","07:25","ISAAC ALBENIZ",13," ","ATROPELLO PEATON",1,1,0,0,1,1
2014,"28/02/2014","13:40","ESPAÑA",17," ","COLISION LATERAL",3,0,0,0,0,2
2014,"28/02/2014","20:00","CAMINO ANCHO",84," ","COLISION FRONTAL",2,0,0,0,0,2
2014,"01/03/2014","11:45","CODO",,"AFLIGIDOS","CHOQUE CON VEH. ESTACIONADO",2,0,0,0,0,2
2014,"01/03/2014","14:50","CONSTITUCION",82," ","COLISION POR ALCANCE",2,0,0,0,0,2
2014,"01/03/2014","17:10","VALDELAPARRA","GLORIETA","M-616 (GOLOSO)","CHOQUE MOB. URBA. SEÑAL.",1,0,0,0,0,1
2014,"02/03/2014","12:30","DOCTOR SEVERO OCHOA",12," ","COLISION FRONTOLATERAL",2,0,0,0,0,2
2014,"02/03/2014","12:55","SEPULVEDA",3," ","CHOQUE MOB. URBA. SEÑAL.",0,0,0,0,0,1
2014,"02/03/2014","14:00","EMPECINADO",3," ","COLISION POR ALCANCE",2,0,0,0,0,2
2014,"03/03/2014","11:55","CALENDULA",,"BRUSELAS","CHOQUE CON VEH. ESTACIONADO",3,0,0,0,0,3
2014,"04/03/2014","05:50","PINTOR MURILLO",,"PINTOR VELAZQUEZ","CHOQUE CON VEH. ESTACIONADO",6,0,0,0,0,6
2014,"04/03/2014","07:05","SEPULVEDA",,"GUZMAN EL BUENO","COLISION LATERAL",2,0,0,0,0,2
2014,"04/03/2014","14:15","BARAJAS (DE)",,"VEGA","COLISION POR ALCANCE",2,1,0,0,0,2
2014,"04/03/2014","15:50","MANUEL DE FALLA",46," ","COLISION LATERAL",2,0,0,0,0,2
2014,"04/03/2014","17:20","CAMINO ANCHO",85," ","COLISION POR ALCANCE",2,0,0,0,0,2
2014,"04/03/2014","14:20","BEGONIA",275," ","COLISION FRONTOLATERAL",2,0,0,0,0,2
2014,"05/03/2014","18:55","VALDELAPARRA","CV","ILUSION","CAIDA CICLISTA",1,0,0,0,0,1
2014,"06/03/2014","18:50","JOSE HIERRO","CV","VALDELASFUENTES","COLISION FRONTOLATERAL",1,1,0,0,0,2
2014,"06/03/2014","21:50","JACINTO BENAVENTE",17," ","COLISION FRONTOLATERAL",0,0,0,0,0,2
2014,"06/03/2014","09:30","MARQUES DE LA VALDAVIA",,"DOCTOR SEVERO OCHOA","COLISION LATERAL",2,0,0,0,0,2
2014,"07/03/2014","16:10","BRUSELAS","CV","SALVIA","COLISION POR ALCANCE",2,0,0,0,0,2
2014,"07/03/2014","19:45","A-1 (SALIDA 16) BRUSELAS",," ","COLISION POR ALCANCE",2,1,0,0,0,2
2014,"07/03/2014","22:00","CONSTITUCION",119," ","COLISION POR ALCANCE",3,1,0,0,0,2
2014,"07/03/2014","23:15","BARAJAS (DE)",,"VEGA","COLISION FRONTOLATERAL",4,0,0,0,0,2
2014,"08/03/2014","10:33","FRANCISCO LARGO CABALLERO",," ","COLISION FRONTOLATERAL",2,0,0,0,0,2
2014,"08/03/2014","12:20","CHOPERA",2," ","COLISION POR ALCANCE",3,0,0,0,0,2
2014,"08/03/2014","13:30","MAGIA",5," ","CHOQUE CON VEH. ESTACIONADO",1,0,0,0,0,2
2014,"08/03/2014","20:15","CAMINO DEL SOTO",29," ","CHOQUE MOB. URBA. SEÑAL.",1,0,0,0,0,1
2014,"09/03/2014","16:20","VALDELAPARRA",1," ","CHOQUE CON MURO",0,1,0,0,0,1
2014,"11/03/2014","09:05","A-1 (SALIDA 16) BRUSELAS",,"BRUSELAS","COLISION LATERAL",3,0,0,0,0,2
2014,"11/03/2014","09:05","A-1 (SALIDA 16) VALDELAPARRA","S/N"," ","COLISION LATERAL",0,0,0,0,0,0
2014,"11/03/2014","12:00","DOCTOR SEVERO OCHOA",9," ","COLISION POR ALCANCE",3,1,0,0,0,4
2014,"11/03/2014","08:15","VALDELAPARRA",,"INDUSTRIA","COLISION POR ALCANCE",3,0,0,0,0,3
2014,"11/03/2014","18:30","INDUSTRIA",6," ","COLISION LATERAL",2,0,0,0,0,2
2014,"12/03/2014","12:45","RAMIRO GOMEZ GARIBAY",,"SAN VICENTE","ATROPELLO PEATON",0,1,1,0,1,1
2014,"12/03/2014","20:15","MARQUES DE LA VALDAVIA",,"MANUEL DE FALLA","CAIDA MOTORISTA",1,1,0,0,0,2
2014,"13/03/2014","12:08","CHOPERA",,"TRANSRADIO","COLISION FRONTOLATERAL",2,0,0,0,0,2
2014,"13/03/2014","13:10","ANABEL SEGURA","9 POSTERI"," ","CHOQUE CON VEH. ESTACIONADO",1,0,0,0,0,2
2014,"13/03/2014","15:40","ESPAÑA",26," ","CHOQUE CON VEH. ESTACIONADO",1,0,0,0,0,3
2014,"13/03/2014","20:15","FUENTELUCHA",19," ","COLISION LATERAL",2,1,0,0,0,3
2014,"14/03/2014","13:10","FERNANDO ALONSO (PARKING POLI)",," ","CHOQUE CON VEH. ESTACIONADO",2,0,0,0,0,2
2014,"14/03/2014","14:05","ELECTRONICA",2," ","CHOQUE CON VEH. ESTACIONADO",1,1,0,0,0,2
2014,"14/03/2014","14:15","MENINA",1," ","COLISION FRONTOLATERAL",5,0,0,0,0,2
2014,"14/03/2014","16:48","CHOPERA",59," ","ATROPELLO PEATON",1,0,1,0,1,1
2014,"15/03/2014","11:00","MANUEL DE FALLA","FRENTE 34"," ","CAIDA CICLISTA",1,1,0,0,0,2
2014,"15/03/2014","13:00","PINTOR VELAZQUEZ",,"PINTOR GOYA","COLISION FRONTOLATERAL",3,0,0,0,0,3
2014,"15/03/2014","13:20","PINTOR VELAZQUEZ",10," ","COLISION FRONTOLATERAL",3,0,0,0,0,2
2014,"15/03/2014","12:20","SAN RAFAEL",,"FUENCARRAL","COLISION POR ALCANCE",1,0,0,0,0,2
2014,"15/03/2014","16:00","ESPAÑA",,"CHOPERA","COLISION LATERAL",3,0,0,0,0,2
2014,"15/03/2014","22:40","BARAJAS (DE)","S/N"," ","COLISION POR ALCANCE",5,0,0,0,0,2
2014,"17/03/2014","09:00","RAFAEL NADAL",,"BARAJAS (DE)","COLISION FRONTLATERAL CICLISTA",1,1,0,0,0,2
2014,"17/03/2014","09:55","PEÑALARA","S/N"," ","CHOQUE CON OBSTACULO",1,0,0,0,0,1
2014,"17/03/2014","10:30","VALDELAPARRA",,"HUELVA","COLISION LATERAL",2,0,0,0,0,2
2014,"17/03/2014","13:50","DOCTOR ADOLFO ROMERO",,"CHOPERA","COLISION FRONTAL",3,0,0,0,0,2
2014,"18/03/2014","09:40","BLAS DE OTERO",,"ESPAÑA","COLISION POR ALCANCE",2,0,0,0,0,2
2014,"18/03/2014","09:05","ALCOBENDAS",,"CUESTA DEL CERRO","COLISION POR ALCANCE",0,0,0,0,0,2
2014,"18/03/2014","10:25","CHOPERA",,"DOCTOR ADOLFO ROMERO","COLISION FRONTOLATERAL",3,0,0,0,0,2
2014,"17/03/2014","13:50","REAL VIEJA",12," ","CHOQUE MOB. URBA. SEÑAL.",2,0,0,0,0,2
2014,"18/03/2014","11:47","AZALEA",213," ","CHOQUE CON VEH. ESTACIONADO",2,0,0,0,0,2
2014,"18/03/2014","16:45","HUERTAS",6," ","ATROPELLO PEATON",2,0,0,0,1,1
2014,"18/03/2014","08:46","CHOPERA",38," ","CHOQUE CON VEH. ESTACIONADO",4,0,0,0,0,4
2014,"19/03/2014","12:15","HUELVA",,"VALDELAPARRA","COLISION POR ALCANCE",1,1,0,0,0,2
2014,"19/03/2014","16:40","FUEGO",,"ESPAÑA","COLISION LATERAL",2,0,0,0,0,2
2014,"19/03/2014","20:15","MARQUES DE LA VALDAVIA",98," ","COLISION POR ALCANCE",2,0,0,0,0,2
2014,"19/03/2014","20:05","MARIANO SEBASTIAN IZUEL",3," ","COLISION POR ALCANCE",3,0,0,0,0,2
2014,"20/03/2014","12:00","MARQUES DE LA VALDAVIA",90," ","COLISION POR ALCANCE",2,0,0,0,0,2
2014,"19/03/2014","19:15","BARAJAS (DE)","1,4"," ","CHOQUE CON VEH. ESTACIONADO",2,0,0,0,0,2
2014,"20/03/2014","15:15","BARAJAS (DE)","SN"," ","COLISION FRONTOLATERAL",2,0,0,0,0,2
2014,"21/03/2014","10:35","MARQUES DE LA VALDAVIA",110," ","COLISION POR ALCANCE",2,0,0,0,0,2
2014,"21/03/2014","21:10","CHOPERA",80," ","COLISION LATERAL",4,0,0,0,0,3
2014,"22/03/2014","23:20","CAMINO ANCHO",56," ","CHOQUE MOB. URBA. SEÑAL.",2,0,0,0,0,2
2014,"23/03/2014","16:50","MENINA",1," ","COLISION FRONTOLATERAL",2,0,0,0,0,2
2014,"23/03/2014","23:33","MARQUES DE LA VALDAVIA",88," ","COLISION POR ALCANCE",2,0,0,0,0,2
2014,"23/03/2014","23:10","FRANCISCO LARGO CABALLERO",6," ","COLISION LATERAL",1,1,0,0,0,2
2014,"24/03/2014","09:20","ALCOBENDAS",,"VEREDA DEL VALLE","COLISION FRONTOLATERAL",6,0,0,0,0,2
2014,"24/03/2014","15:21","DOCTOR CASIMIRO MORCILLO",11," ","CHOQUE CON VEH. ESTACIONADO",0,0,0,0,0,2
2014,"24/03/2014","20:12","DOCTOR CASIMIRO MORCILLO",11," ","CHOQUE CON VEH. ESTACIONADO",0,0,0,0,0,0
2014,"24/03/2014","18:15","JOSE HIERRO","CV"," ","COLISION FRONTOLATERAL",1,1,0,0,0,2
2014,"24/03/2014","15:21","VALDELAPARRA","CV","CAMILO JOSE CELA","COLISION POR ALCANCE",2,0,0,0,0,2
2014,"24/03/2014","19:05","MIGUEL DE CERVANTES","CV","MANUEL DE FALLA","COLISION FRONTOLATERAL",3,0,0,0,0,2
2014,"25/03/2014","08:35","DOCTOR SEVERO OCHOA",,"VALDELAPARRA","COLISION POR ALCANCE",4,1,0,0,0,2
2014,"25/03/2014","08:00","GRANJA",,"MONTE DE VALDELATAS","COLISION FRONTOLATERAL",2,0,0,0,0,3
2014,"25/03/2014","17:15","AZALEA","CV","CALENDULA","COLISION FRONTOLATERAL",2,0,0,0,0,2
2014,"26/03/2014","09:30","MARQUES DE LA VALDAVIA",107," ","CHOQUE CON VEH. ESTACIONADO",2,0,0,0,0,2
2014,"26/03/2014","14:20","MADRID","CV","ESPAÑA","COLISION FRONTOLATERAL",1,2,0,0,0,2
2014,"26/03/2014","18:45","MANUEL DE FALLA","CV","MIGUEL DE CERVANTES","COLISION FRONTOLATERAL",2,0,0,0,0,2
2014,"25/03/2014","14:05","VALDELAPARRA",,"CANTABRIA","COLISION POR ALCANCE",2,0,0,0,0,2
2014,"27/03/2014","13:10","ESPAÑA",,"MARQUES DE LA VALDAVIA","COLISION LATERAL",2,0,0,0,0,2
2014,"27/03/2014","19:30","ESPAÑA",60," ","COLISION LATERAL",5,0,0,0,0,3
2014,"28/03/2014","17:35","MIGUEL DE CERVANTES",,"MANUEL DE FALLA","COLISION POR ALCANCE",3,0,0,0,0,3
2014,"28/03/2014","20:45","CANTABRIA",2," ","CAIDA MOTORISTA",0,1,0,0,0,1
2014,"29/03/2014","13:40","TARRAGONA","CV","LUIS RODRIGUEZ ONTIVEROS","COLISION FRONTOLATERAL",1,0,0,0,0,2
2014,"29/03/2014","19:05","MENINA",," ","COLISION POR ALCANCE",2,1,0,0,0,2
2014,"30/03/2014","05:20","ISAAC ALBENIZ",14," ","CHOQUE MOB. URBA. SEÑAL.",2,0,0,0,0,2
2014,"30/03/2014","06:50","MARQUESA VIUDA ALDAMA",7," ","CHOQUE CON MURO",1,0,0,0,0,2
2014,"31/03/2014","14:05","AZALEA",49," ","SALIDA DE VIA",2,0,0,0,0,2
2014,"31/03/2014","14:05","VALDELAPARRA",,"INDUSTRIA","COLISION FRONTOLATERAL",2,0,0,0,0,2
2014,"24/03/2014","14:40","VALDELAPARRA",124," ","CHOQUE CON OBSTACULO",1,0,0,0,0,1
2014,"28/03/2014","12:00","LIBERTAD",40," ","COLISION LATERAL",2,0,0,0,0,2
2014,"24/03/2014","10:30","VALDELAPARRA",124," ","ATROPELLO PEATON",1,1,0,0,1,1
2014,"01/04/2014","11:00","LUGO",,"LUIS RODRIGUEZ ONTIVEROS","CHOQUE MOB. URBA. SEÑAL.",2,0,0,0,0,2
2014,"01/04/2014","21:14","MARQUES DE LA VALDAVIA",88," ","CAIDA PASAJERO",0,0,0,0,0,0
2014,"02/04/2014","21:22","JAZMIN",,"DALIA","COLISION POR ALCANCE",0,3,0,0,0,2
2014,"03/04/2014","02:00","MENINA",1," ","COLISION POR ALCANCE",2,0,0,0,0,2
2014,"27/03/2014","09:45","MARQUESA VIUDA ALDAMA",54," ","CHOQUE MOB. URBA. SEÑAL.",2,0,0,0,0,2
2014,"03/04/2014","13:20","BARAJAS (DE)",1," ","COLISION POR ALCANCE",1,1,0,0,0,2
2014,"12/03/2014","09:00","AZALEA",3," ","CAIDA PASAJERO",2,0,0,0,0,1
2014,"03/04/2014","22:30","CHOPERA","CV","ESPAÑA","COLISION FRONTOLATERAL",1,1,0,0,0,2
2014,"04/04/2014","08:55","MARQUES DE LA VALDAVIA",,"RUPERTO CHAPI","COLISION FRONTAL",1,1,0,0,0,2
2014,"04/04/2014","11:40","A-1 14.500 (CARREFOUR)",," ","CHOQUE CON VEH. ESTACIONADO",1,0,0,0,0,2
2014,"04/04/2014","15:25","MANUEL DE FALLA",,"MIGUEL DE CERVANTES","CAIDA MOTORISTA",0,1,0,0,0,1
2014,"04/04/2014","18:15","BEGONIA",,"JAZMIN","COLISION POR ALCANCE",3,0,0,0,0,2
2014,"04/04/2014","16:00","AZALEA",27," ","CHOQUE CON VEH. ESTACIONADO",1,0,0,0,0,2
2014,"05/04/2014","15:00","FERNANDO ALONSO",1," ","CHOQUE CON VEH. ESTACIONADO",2,0,0,0,0,2
2014,"05/04/2014","22:30","SALVADOR ALLENDE","SN"," ","COLISION POR ALCANCE",2,0,0,0,0,2
2014,"06/04/2014","11:50","MENINA",," ","COLISION FRONTOLATERAL",3,0,0,0,0,3
2014,"07/04/2014","01:18","LIBERTAD",19," ","COLISION FRONTOLATERAL",4,0,0,0,0,2
2014,"07/04/2014","07:30","MARGARITA",23," ","CHOQUE CON VEH. ESTACIONADO",1,0,0,0,0,2
2014,"07/04/2014","08:25","DOLORES IBARRURI",,"FEDERICA MONTSENY","ATROPELLO PEATON",2,0,1,0,1,1
2014,"08/04/2014","08:55","MORALEJA",1," ","CHOQUE CON VEH. ESTACIONADO",2,0,0,0,0,2
2014,"08/04/2014","13:38","DOLORES IBARRURI",8," ","ATROPELLO PEATON",1,0,1,0,1,1
2014,"06/03/2014","09:30","MARQUES DE LA VALDAVIA",," ","COLISION POR ALCANCE",2,0,0,0,0,2
2014,"08/04/2014","19:30","MARQUES DE LA VALDAVIA",45," ","ATROPELLO PEATON",1,1,0,0,1,1
2014,"09/04/2014","12:35","MENINA",," ","COLISION LATERAL",2,0,0,0,0,2
2014,"09/04/2014","14:04","VALDELAPARRA",2," ","ATROPELLO PEATON",1,1,0,0,1,1
2014,"10/04/2014","09:50","JACINTO BENAVENTE","FRENTE 3"," ","COLISION POR ALCANCE",1,1,0,0,0,2
2014,"09/04/2014","15:05","FUEGO",,"CONCILIO","COLISION FRONTAL",2,0,0,0,0,2
2014,"09/04/2014","16:45","ALCOBENDAS",6," ","COLISION FRONTOLATERAL",4,0,0,0,0,2
2014,"10/04/2014","15:15","AMURA",," ","COLISION FRONTOLATERAL",2,0,0,0,0,2
2014,"10/04/2014","18:15","CHOPERA",331," ","CHOQUE CON VEH. ESTACIONADO",2,0,0,0,0,2
2014,"10/04/2014","19:30","A-1 (SALIDA 17)",," ","COLISION POR ALCANCE",2,0,0,0,0,2
2014,"11/04/2014","01:35","OLIMPICA",," ","CHOQUE CON VEH. ESTACIONADO",0,0,0,0,0,2
2014,"11/04/2014","08:15","INDUSTRIA",,"CANTABRIA","COLISION LATERAL",2,0,0,0,0,2
2014,"11/04/2014","13:55","A-1 14.500 (CARREFOUR)",1," ","COLISION POR ALCANCE",2,1,0,0,0,2
2014,"11/04/2014","19:25","OLIMPICA","F26"," ","CHOQUE CON VEH. ESTACIONADO",2,0,0,0,0,2
2014,"12/04/2014","03:10","ALCOBENDAS",14," ","SALIDA DE VIA",1,0,0,0,0,1
2014,"12/04/2014","14:25","VALDELAPARRA",,"DOCTOR SEVERO OCHOA","COLISION POR ALCANCE",2,0,0,0,0,2
2014,"13/04/2014","20:31","FRANCISCA DELGADO",,"BRUSELAS","CHOQUE CON OBSTACULO",2,0,0,0,0,1
2014,"14/04/2014","07:15","GUZMAN EL BUENO",6," ","CHOQUE CON OBSTACULO",2,0,0,0,0,2
2014,"14/04/2014","06:35","JOSE MENDEZ BAENA",6," ","CHOQUE CON OBSTACULO",2,0,0,0,0,2
2014,"14/04/2014","17:30","CANTABRIA",1," ","COLISION POR ALCANCE",0,2,0,0,0,2
2014,"15/04/2014","13:50","MARQUES DE LA VALDAVIA",74," ","COLISION LATERAL",2,0,1,0,0,3
2014,"15/04/2014","14:47","OLIMPICA",2," ","CHOQUE CON VEH. ESTACIONADO",2,0,0,0,0,2
2014,"16/04/2014","11:30","MARQUES DE LA VALDAVIA",,"GOBERNADOR","CAIDA MOTORISTA",1,0,1,0,0,2
2014,"16/04/2014","12:30","MARQUES DE LA VALDAVIA",131," ","CHOQUE CON VEH. ESTACIONADO",1,0,0,0,0,1
2014,"16/04/2014","15:15","VALDELAPARRA",,"HUELVA","COLISION FRONTOLATERAL",4,0,0,0,0,2
2014,"16/04/2014","14:55","A-1 14.500 (CARREFOUR)",," ","SALIDA DE VIA",1,0,0,0,0,1
2014,"17/04/2014","03:00","CAMINO DEL CURA","SN"," ","CHOQUE CON VEH. ESTACIONADO",2,0,0,0,0,2
2014,"16/04/2014","22:40","MORALEJA",," ","CHOQUE CON VEH. ESTACIONADO",2,0,0,0,0,2
2014,"17/04/2014","20:20","RUPERTO CHAPI",," ","ATROPELLO PEATON",1,1,0,0,1,1
2014,"18/04/2014","20:20","PADILLA",16," ","CHOQUE CON VEH. ESTACIONADO",2,0,0,0,0,2
2014,"19/04/2014","00:56","CALENDULA",10," ","CHOQUE CON VEH. ESTACIONADO",2,0,0,0,0,2
2014,"21/04/2014","11:30","BRUSELAS",8," ","CHOQUE CON VEH. ESTACIONADO",2,0,0,0,0,2
2014,"21/04/2014","10:20","SALVADOR ALLENDE",16," ","COLISION LATERAL",2,0,0,0,0,2
2014,"18/04/2014","19:45","DOCTOR CASIMIRO MORCILLO",6," ","ATROPELLO ANIMAL",1,0,0,0,0,1
2014,"22/04/2014","08:15","OLIMPICA",4," ","COLISION FRONTOLATERAL",1,1,0,0,0,2
2014,"22/04/2014","10:50","MARQUES DE LA VALDAVIA",34,"ORENSE","COLISION FRONTOLATERAL",1,1,1,0,1,2
2014,"22/04/2014","13:35","CHOPERA",103," ","CHOQUE CON VEH. ESTACIONADO",2,0,0,0,0,2
2014,"22/04/2014","19:24","ESPAÑA",48," ","CHOQUE CON VEH. ESTACIONADO",2,0,0,0,0,2
2014,"23/04/2014","09:00","MANUEL DE FALLA",32," ","ATROPELLO PEATON",1,1,0,0,1,1
2014,"23/04/2014","17:10","MANUEL DE FALLA",1,"ISAAC ALBENIZ","COLISION FRONTOLATERAL",2,0,0,0,0,2
2014,"24/04/2014","20:10","VALDELAPARRA",1,"DOCTOR SEVERO OCHOA","COLISION POR ALCANCE",2,0,0,0,0,2
2014,"24/04/2014","10:05","NUESTRA SEÑORA DEL PILAR",1,"TOLEDO","CHOQUE MOB. URBA. SEÑAL.",2,0,0,0,0,2
2014,"25/04/2014","15:40","BEGONIA",92," ","COLISION FRONTOLATERAL",1,2,0,0,0,2
2014,"25/04/2014","16:30","EUROPA",10," ","CHOQUE CON VEH. ESTACIONADO",0,0,0,0,0,2
2014,"25/04/2014","15:50","FERNANDO ALONSO (PARKING POLI)",1," ","CHOQUE CON VEH. ESTACIONADO",2,0,0,0,0,2
2014,"25/04/2014","20:15","BEGONIA",266," ","COLISION POR ALCANCE",2,0,0,0,0,2
2014,"26/04/2014","05:45","MENINA",," ","COLISION FRONTOLATERAL",1,0,0,0,0,2
2014,"26/04/2014","18:54","RAMON Y CAJAL",1," ","CHOQUE CON VEH. ESTACIONADO",2,0,0,0,0,2
2014,"28/04/2014","06:18","ORENSE",,"PABLO PICASSO","COLISION FRONTLATERAL CICLISTA",3,1,0,0,0,2
2014,"24/04/2014","13:25","DALIA",383," ","CHOQUE CON VEH. ESTACIONADO",2,0,0,0,0,2
2014,"27/04/2014","01:30","MARQUESA VIUDA ALDAMA",,"SAN VICENTE","CHOQUE CON OBSTACULO",1,0,0,0,0,1
2014,"29/04/2014","03:00","ESPAÑA",54," ","CHOQUE MOB. URBA. SEÑAL.",3,0,0,0,0,1
2014,"29/04/2014","08:10","JARAMA",,"FUEGO","ATROPELLO PEATON",1,2,0,0,2,1
2014,"28/04/2014","13:30","SEGOVIA",38," ","COLISION FRONTOLATERAL",1,0,0,0,0,2
2014,"29/04/2014","19:30","SEGOVIA",21," ","ATROPELLO PEATON",1,0,1,0,1,1
2014,"30/04/2014","07:50","BARAJAS (DE)",2,"VEGA","COLISION LATERAL",2,0,0,0,0,2
2014,"30/04/2014","05:33","BEGONIA",294," ","CHOQUE CON VEH. ESTACIONADO",2,0,0,0,0,3
2014,"30/04/2014","15:30","BRUSELAS",3," ","CHOQUE CON OBSTACULO",2,0,0,0,0,2
2014,"30/04/2014","16:45","ESPAÑA",48," ","COLISION POR ALCANCE",2,1,0,0,0,2
2014,"30/04/2014","16:50","LUIS RODRIGUEZ ONTIVEROS",,"MIRASIERRA","COLISION FRONTOLATERAL",2,0,0,0,0,2
2014,"30/04/2014","17:20","VALDELAPARRA",,"DOCTOR SEVERO OCHOA","COLISION POR ALCANCE",2,0,0,0,0,2
2014,"30/04/2014","18:30","MARQUES DE LA VALDAVIA",,"CAMILO JOSE CELA","COLISION POR ALCANCE",3,0,0,0,0,2
2014,"30/04/2014","16:30","CUESTA DEL CERRO",,"ALCOBENDAS","COLISION POR ALCANCE",2,0,0,0,0,2
2014,"01/05/2014","21:00","CONSTITUCION",74," ","CHOQUE CON VEH. ESTACIONADO",2,0,0,0,0,2
2014,"02/05/2014","14:45","CONDE DE LOS GAITANES",,"CAMINO VIEJO","COLISION FRONTOLATERAL",2,0,0,0,0,2
2014,"03/05/2014","12:30","PINTOR GOYA",4," ","CHOQUE CON VEH. ESTACIONADO",2,0,0,0,0,2
2014,"04/05/2014","07:20","RUPERTO CHAPI",43," ","CHOQUE CON VEH. ESTACIONADO",2,0,0,0,0,2
2014,"30/04/2014","02:30","MADRID",,"MANUEL DE FALLA","CHOQUE CON ARBOL",1,0,0,0,0,1
2014,"05/05/2014","11:00","DOLORES IBARRURI",8,"FEDERICA MONTSENY","ATROPELLO PEATON",2,0,1,0,1,2
2014,"05/05/2014","08:30","ESPAÑA",,"CHOPERA","COLISION LATERAL",2,0,0,0,0,2
2014,"05/05/2014","13:15","DOLORES IBARRURI",2," ","COLISION POR ALCANCE",2,0,0,0,0,2
2014,"05/05/2014","18:15","M-603 4.500 (RIO NORTE)",," ","COLISION FRONTOLATERAL",2,0,0,0,0,2
2014,"06/05/2014","17:45","FRANCISCA DELGADO",,"BRUSELAS","CHOQUE CON VEH. ESTACIONADO",2,0,0,0,0,2
2014,"07/05/2014","08:25","EUROPA",4," ","ATROPELLO PEATON",1,1,0,0,1,1
2014,"07/05/2014","09:40","A-1 14.500 (CARREFOUR)",," ","COLISION POR ALCANCE",2,0,0,0,0,2
2014,"08/05/2014","03:18","ESPAÑA",,"RUPERTO CHAPI","COLISION FRONTOLATERAL",2,0,0,0,0,2
2014,"08/05/2014","08:50","BRUSELAS",,"SALVIA","COLISION FRONTOLATERAL",1,0,0,0,0,2
2014,"08/05/2014","16:45","EUROPA",6," ","CHOQUE CON VEH. ESTACIONADO",2,0,0,0,0,2
2014,"08/05/2014","16:05","MIGUEL DE CERVANTES",1," ","CHOQUE CON VEH. ESTACIONADO",3,0,0,0,0,3
2014,"08/05/2014","20:15","MADRID",9," ","ATROPELLO PEATON",1,1,0,0,1,1
2014,"08/05/2014","18:45","INDUSTRIA",49," ","CAIDA MOTORISTA",2,0,0,0,0,2
2014,"08/05/2014","19:45","A-1 (BURGOS)",17," ","COLISION POR ALCANCE",2,0,0,0,0,2
2014,"08/05/2014","22:00","PARQUES",7," ","COLISION POR ALCANCE",2,0,0,0,0,2
2014,"10/05/2014","17:00","OLIMPICA",25," ","ATROPELLO PEATON",2,0,1,0,1,1
2014,"10/05/2014","16:55","ESPAÑA",,"VELARDE","COLISION POR ALCANCE",2,1,0,0,0,2
2014,"10/05/2014","17:45","RAMON FERNANDEZ GUISASOLA",1," ","CHOQUE CON VEH. ESTACIONADO",2,0,0,0,0,2
2014,"10/05/2014","23:40","CHOPERA",101," ","CAIDA MOTORISTA",0,1,0,0,0,2
2014,"09/05/2014","06:20","A-1 (SALIDA 16) BRUSELAS",," ","COLISION FRONTOLATERAL",2,0,0,0,0,2
2014,"11/05/2014","16:10","CAMINO ANCHO",1," ","CHOQUE CON OBSTACULO",1,0,0,0,0,1
2014,"12/05/2014","09:55","VALDELAPARRA",,"FUENCARRAL","COLISION FRONTOLATERAL",2,0,0,0,0,2
2014,"12/05/2014","15:30","SANTA ISABEL",8," ","OBSTACULO EN LA VIA",1,0,0,0,0,2
2014,"14/05/2014","01:15","ORENSE","CV","PABLO PICASSO","COLISION FRONTOLATERAL",4,1,0,0,0,2
2014,"14/05/2014","02:00","VALDELAPARRA",124," ","CHOQUE CON MURO",1,0,0,0,0,1
2014,"12/05/2014","09:45","CHOPERA",62," ","CHOQUE MOB. URBA. SEÑAL.",2,0,0,0,0,2
2014,"12/05/2014","11:30","PARQUES",26," ","CHOQUE CON MURO",1,0,0,0,0,1
2014,"14/05/2014","13:10","LUIS RODRIGUEZ ONTIVEROS",102,"MIRASIERRA","COLISION FRONTOLATERAL",3,0,0,0,0,3
2014,"13/05/2014","13:55","GUINDALERA",," ","COLISION POR ALCANCE",2,0,0,0,0,2
2014,"14/05/2014","14:10","CAMINO ANCHO",,"BRUSELAS","ATROPELLO PEATON",2,1,0,0,1,1
2014,"14/05/2014","17:30","INDUSTRIA",,"VALGRANDE","COLISION FRONTOLATERAL",1,1,0,0,0,2
2014,"14/05/2014","18:10","BRUSELAS",21,"A-1 (SALIDA 16)","COLISION LATERAL",1,1,0,0,0,2
2014,"15/05/2014","08:50","MARQUES DE LA VALDAVIA",68," ","CHOQUE CON VEH. ESTACIONADO",4,0,0,0,0,2
2014,"15/05/2014","20:43","VALDELAPARRA",,"HUELVA","COLISION LATERAL",2,0,0,0,0,2
2014,"15/05/2014","20:50","SUERTE",16," ","CHOQUE MOB. URBA. SEÑAL.",0,0,0,0,0,2
2014,"16/05/2014","09:15","M-616 (GOLOSO)",," ","CAIDA CICLISTA",0,1,0,0,0,2
2014,"17/05/2014","13:25","TRANSRADIO",11," ","CHOQUE CON VEH. ESTACIONADO",1,0,0,0,0,2
2014,"17/05/2014","19:40","EMPECINADO",3," ","CHOQUE CON VEH. ESTACIONADO",4,0,0,0,0,2
2014,"17/05/2014","22:30","MARQUES DE LA VALDAVIA","CV","SEVERO OCHOA","COLISION FRONTOLATERAL",2,0,0,0,0,2
2014,"17/05/2014","23:30","BRUSELAS",7," ","COLISION FRONTOLATERAL",2,0,0,0,0,2
2014,"18/05/2014","14:23","BEGONIA",," ","CAIDA CICLISTA",0,1,0,0,0,1
2014,"18/05/2014","19:00","ESPAÑA",,"JARAMA","COLISION LATERAL",2,0,0,0,0,2
2014,"19/05/2014","12:09","CHOPERA",71," ","CHOQUE CON VEH. ESTACIONADO",2,0,0,0,0,2
2014,"19/05/2014","09:50","MENINA",,"CANTABRIA","COLISION LATERAL",2,0,0,0,0,2
2014,"19/05/2014","09:15","CAMINO ANCHO",85," ","CHOQUE CON VEH. ESTACIONADO",0,0,0,0,0,2
2014,"19/05/2014","13:30","MANUEL DE FALLA",,"ISAAC ALBENIZ","COLISION POR ALCANCE",3,0,0,0,0,3
2014,"20/05/2014","13:40","SAN JOSE ARTESANO",16,"VALPORTILLO I","ATROPELLO PEATON",2,1,0,0,1,1
2014,"20/05/2014","15:28","CHOPERA",128," ","COLISION POR ALCANCE",1,1,0,0,0,2
2014,"21/05/2014","20:15","HIEDRA",85," ","CHOQUE CON VEH. ESTACIONADO",2,0,0,0,0,2
2014,"22/05/2014","02:15","SORIA",37," ","CHOQUE CON VEH. ESTACIONADO",1,0,0,0,0,2
2014,"22/05/2014","20:30","FUENCARRAL","SN"," ","CHOQUE CON VEH. ESTACIONADO",0,0,0,0,0,2
2014,"23/05/2014","00:00","OVIEDO",2," ","CHOQUE CON VEH. ESTACIONADO",2,0,0,0,0,2
2014,"23/05/2014","10:06","A-1 14.500 (CARREFOUR)",," ","COLISION FRONTOLATERAL",2,0,0,0,0,2
2014,"23/05/2014","16:45","A-1 (SALIDA 17)",,"BARAJAS (DE)","COLISION FRONTOLATERAL",2,0,0,0,0,2
2014,"23/05/2014","22:15","BEGONIA",135," ","CHOQUE MOB. URBA. SEÑAL.",1,0,0,0,0,1
2014,"24/05/2014","08:50","VALGRANDE",8," ","CHOQUE CON VEH. ESTACIONADO",1,0,0,0,0,2
2014,"24/05/2014","20:46","FUEGO",,"ESPAÑA","COLISION FRONTOLATERAL",2,0,0,0,0,2
2014,"25/05/2014","01:00","MADRID",,"VALENCIA","CHOQUE MOB. URBA. SEÑAL.",0,0,1,0,0,1
2014,"25/05/2014","13:15","NARDO",2,"BRUSELAS","CHOQUE CON MURO",1,2,0,0,0,2
2014,"25/05/2014","20:00","BRUSELAS",21," ","CHOQUE CON VEH. ESTACIONADO",2,0,0,0,0,2
2014,"26/05/2014","18:25","PASEO DE LOS PARQUES",5," ","ATROPELLO PEATON",1,1,0,0,1,1
2014,"26/05/2014","17:45","REYES CATOLICOS",6," ","OBSTACULO EN LA VIA",2,0,0,0,0,2
2014,"26/05/2014","19:40","MANUEL DE FALLA",36," ","COLISION POR ALCANCE",3,0,0,0,0,3
2014,"27/05/2014","15:40","VALDELAPARRA",,"CAMILO JOSE CELA","COLISION FRONTOLATERAL",2,0,0,0,0,2
2014,"27/05/2014","19:38","CADIZ",,"CHOPERA","ATROPELLO PEATON",1,0,1,0,1,1
2014,"28/05/2014","09:45","OLIMPICA",," ","CHOQUE CON VEH. ESTACIONADO",0,0,0,0,0,2
2014,"28/05/2014","09:45","BARAJAS (DE)",,"VEGA","COLISION FRONTOLATERAL",2,0,0,0,0,2
2014,"29/05/2014","12:30","EUROPA",2," ","CHOQUE MOB. URBA. SEÑAL.",2,0,0,0,0,2
2014,"29/05/2014","18:35","INTERGOLF",23," ","CHOQUE CON OBSTACULO",2,0,0,0,0,1
2014,"31/05/2014","13:45","MARQUES DE LA VALDAVIA",44," ","CAIDA PASAJERO",1,1,0,0,0,1
2014,"01/06/2014","14:40","LUIS RODRIGUEZ ONTIVEROS",," ","COLISION POR ALCANCE",2,0,0,0,0,2
2014,"01/06/2014","19:30","FUENCARRAL",,"AMURA","COLISION POR ALCANCE",1,1,0,0,0,2
2014,"01/06/2014","20:15","VIA SERVICIO A-1",," ","OBSTACULO EN LA VIA",1,0,0,0,0,1
2014,"02/06/2014","14:00","BARAJAS (DE)",,"VEGA","COLISION POR ALCANCE",2,0,0,0,0,2
2014,"02/06/2014","15:35","VALDELAPARRA",92," ","COLISION POR ALCANCE",2,1,0,0,0,2
2014,"02/06/2014","17:20","MARQUESA VIUDA ALDAMA",31," ","ATROPELLO PEATON",1,1,0,0,1,1
2014,"02/06/2014","20:10","OLIMPICA",32," ","COLISION LATERAL",3,0,0,0,0,2
2014,"03/06/2014","11:15","NUESTRA SEÑORA DEL PILAR",39," ","ATROPELLO PEATON",1,0,1,0,1,1
2014,"04/06/2014","14:25","ALCOBENDAS",10," ","CHOQUE CON VEH. ESTACIONADO",1,0,0,0,0,2
2014,"04/06/2014","15:20","CAMINO DE LA FUENTE",,"VEREDA DE LOS CHOPOS","COLISION FRONTOLATERAL",4,1,0,0,0,2
2014,"04/06/2014","18:58","FUEGO",59," ","CAIDA MOTORISTA",0,1,0,0,0,1
2014,"05/06/2014","16:15","CAMINO DEL ENCINAR",1," ","CHOQUE MOB. URBA. SEÑAL.",2,0,0,0,0,2
2014,"06/06/2014","10:15","PASEO DE LOS PARQUES",7," ","ATROPELLO PEATON",1,1,0,0,1,1
2014,"06/06/2014","19:45","ATENAS",1," ","CHOQUE MOB. URBA. SEÑAL.",1,0,0,0,0,2
2014,"07/06/2014","09:00","MANUEL DE FALLA",,"MARQUES DE LA VALDAVIA","COLISION FRONTLATERAL CICLISTA",1,1,0,0,0,2
2014,"07/06/2014","15:15","A-1 14.500 (CARREFOUR)",1," ","CHOQUE CON VEH. ESTACIONADO",1,0,0,0,0,1
2014,"07/06/2014","13:30","SALVIA",1," ","CHOQUE CON VEH. ESTACIONADO",1,0,0,0,0,1
2014,"07/06/2014","14:20","MIGUEL DE CERVANTES",,"PALESTINA","COLISION POR ALCANCE",6,0,0,0,0,2
2014,"07/06/2014","22:00","OLIMPICA",," ","CHOQUE CON VEH. ESTACIONADO",3,0,0,0,0,3
2014,"07/06/2014","14:10","MENINA",1," ","COLISION LATERAL",2,0,0,0,0,2
2014,"08/06/2014","21:00","VALDELAPARRA",,"MARQUES DE LA VALDAVIA","COLISION LATERAL",1,1,0,0,0,2
2014,"09/06/2014","01:38","ISAAC ALBENIZ",,"RUPERTO CHAPI","SALIDA DE VIA",0,1,0,0,0,1
2014,"09/06/2014","08:35","BEGONIA",102," ","ATROPELLO PEATON",0,1,0,0,1,0
2014,"09/06/2014","13:25","FUEGO",4," ","CHOQUE CON VEH. ESTACIONADO",2,0,0,0,0,2
2014,"06/06/2014","12:15","ALCOBENDAS",10," ","COLISION FRONTOLATERAL",2,0,0,0,0,2
2014,"09/06/2014","18:15","PARQUES",5," ","CHOQUE CON VEH. ESTACIONADO",2,0,0,0,0,2
2014,"09/06/2014","21:00","NACIONAL I KM",," ","COLISION POR ALCANCE",3,0,0,0,0,2
2014,"10/06/2014","06:47","BRUSELAS",21," ","ATROPELLO PEATON",1,1,0,0,1,1
2014,"10/06/2014","11:53","SORIA",,"TURCO","COLISION POR ALCANCE",2,0,0,0,0,2
2014,"10/06/2014","17:30","DOCTOR SEVERO OCHOA",,"CHOPERA","COLISION FRONTOLATERAL",3,0,0,0,0,3
2014,"11/06/2014","18:45","ESPAÑA",19," ","COLISION POR ALCANCE",0,1,1,0,0,2
2014,"11/06/2014","18:55","GRANJA",86," ","CHOQUE CON OBSTACULO",0,1,0,0,0,1
2014,"12/06/2014","12:50","LIBERTAD",26," ","CAIDA PASAJERO",1,1,0,0,0,1
2014,"12/06/2014","18:15","BRUSELAS",,"ERMITA","COLISION LATERAL",1,1,0,0,0,2
2014,"12/06/2014","20:45","SUERTE",,"FUENTELUCHA","COLISION FRONTLATERAL CICLISTA",1,2,0,0,0,3
2014,"12/06/2014","14:00","BRUSELAS",21," ","COLISION LATERAL",2,0,0,0,0,2
2014,"12/06/2014","18:00","MANUEL DE FALLA",," ","CHOQUE CON OBSTACULO",1,0,0,0,0,1
2014,"11/06/2014","20:05","VALDELAPARRA",124," ","CHOQUE CON VEH. ESTACIONADO",1,0,0,0,0,2
2014,"13/06/2014","03:05","ORQUIDEA",37," ","VUELCO",2,1,0,0,0,3
2014,"12/06/2014","22:40","RAMON Y CAJAL",28," ","CAIDA MOTORISTA",0,1,0,0,0,1
2014,"13/06/2014","09:30","BARAJAS (DE)",22,"A-1 (SALIDA 17)","COLISION POR ALCANCE",2,0,0,0,0,2
2014,"13/06/2014","18:10","ESPAÑA",,"JARAMA","COLISION LATERAL",4,0,0,0,0,2
2014,"14/06/2014","13:24","MENINA",1," ","CAIDA MOTORISTA",2,1,0,0,0,2
2014,"14/06/2014","13:56","GRANJA",,"SEPULVEDA","COLISION FRONTOLATERAL",2,2,0,0,0,2
2014,"15/06/2014","08:38","BARAJAS (DE)",," ","CHOQUE MOB. URBA. SEÑAL.",2,0,0,0,0,2
2014,"15/06/2014","22:40","VALDELAPARRA",82," ","ATROPELLO ANIMAL",1,0,0,0,0,1
2014,"16/06/2014","02:00","DOCTOR SEVERO OCHOA",37," ","CHOQUE MOB. URBA. SEÑAL.",2,0,0,0,0,1
2014,"16/06/2014","01:00","MORALEJA",1," ","CONTROL PREVEN. ALCOHOL/DROGAS",1,0,0,0,0,1
2014,"29/04/2014","11:13","FUENTELUCHA",," ","CAIDA MOTORISTA",0,0,1,0,0,1
2014,"16/06/2014","09:06","AMURA",1," ","COLISION FRONTOLATERAL",1,0,0,0,0,2
2014,"17/06/2014","18:35","CAMINO DEL CURA","S/N"," ","COLISION FRONTAL",0,5,0,0,0,2
2014,"17/06/2014","19:15","BARAJAS (DE)","1,4"," ","CAIDA MOTORISTA",0,1,0,0,0,1
2014,"17/06/2014","19:50","OLIMPICA",26," ","COLISION POR ALCANCE",2,0,0,0,0,2
2014,"18/06/2014","15:50","A-1 (SALIDA 16)",," ","COLISION POR ALCANCE",1,2,0,0,0,3
2014,"18/06/2014","23:40","CAMINO NUEVO",96," ","CHOQUE CON VEH. ESTACIONADO",2,0,0,0,0,2
2014,"20/06/2014","12:20","M-603 4.500 (RIO NORTE)",," ","COLISION FRONTLATERAL CICLISTA",2,1,0,0,0,2
2014,"20/06/2014","18:00","MARIANO SEBASTIAN IZUEL",,"EMPECINADO","ATROPELLO PEATON",1,1,0,0,1,1
2014,"20/06/2014","20:25","AMURA",1," ","COLISION FRONTOLATERAL",2,0,0,0,0,2
2014,"21/06/2014","10:25","CONSTITUCION","CV","JARDIN","ATROPELLO PEATON",1,1,0,0,1,1
2014,"20/06/2014","13:45","CHOPERA",22," ","CHOQUE CON OBSTACULO",2,0,0,0,0,2
2014,"21/06/2014","23:10","MORALEJA",1," ","CHOQUE CON VEH. ESTACIONADO",2,0,0,0,0,2
2014,"22/06/2014","12:30","DOCTOR SEVERO OCHOA",,"RAMON Y CAJAL","COLISION POR ALCANCE",6,0,0,0,0,3
2014,"22/06/2014","15:45","SAN JOSE ARTESANO",14," ","CHOQUE CON VEH. ESTACIONADO",2,0,0,0,0,2
2014,"22/06/2014","17:35","PRIMERO DE MAYO",,"MARQUES DE LA VALDAVIA","COLISION POR ALCANCE",1,2,0,0,0,2
2014,"23/06/2014","09:50","ESCORIAL",,"LUGO","CAIDA MOTORISTA",3,2,0,0,0,2
2014,"23/06/2014","17:15","ANABEL SEGURA",11," ","CHOQUE CON VEH. ESTACIONADO",2,0,0,0,0,2
2014,"23/06/2014","18:55","BARAJAS (DE)",,"VEGA","COLISION FRONTOLATERAL",3,0,0,0,0,2
2014,"23/06/2014","17:15","A-1 14.500 (CARREFOUR)","PARKING"," ","COLISION FRONTOLATERAL",4,0,0,0,0,2
2014,"24/06/2014","09:00","PARQUES",26," ","COLISION LATERAL",2,0,0,0,0,2
2014,"24/06/2014","12:20","PABLO PICASSO",8," ","CHOQUE CON MURO",1,0,0,0,0,1
2014,"24/06/2014","16:50","CAMINO DE HOYARRASA",56," ","COLISION FRONTOLATERAL",2,0,0,0,0,2
2014,"24/06/2014","14:00","PABLO PICASSO",56," ","COLISION FRONTAL",2,0,0,0,0,2
2014,"25/06/2014","18:50","SOTO",1," ","COLISION FRONTOLATERAL",1,1,0,0,0,2
2014,"25/06/2014","17:30","MENINA",1,"ERMITA","COLISION POR ALCANCE",2,0,0,0,0,2
2014,"26/06/2014","12:07","A-1 14.500 (CARREFOUR)",," ","COLISION FRONTOLATERAL",1,1,0,0,0,2
2014,"25/06/2014","10:45","LIBERTAD",8," ","ATROPELLO PEATON",2,1,0,0,1,2
2014,"26/06/2014","19:45","AZALEA",203," ","COLISION POR ALCANCE",2,0,0,0,0,2
2014,"26/06/2014","18:50","CADIZ",18," ","CHOQUE CON VEH. ESTACIONADO",2,0,0,0,0,2
2014,"27/06/2014","11:55","MANUEL DE FALLA",14," ","CHOQUE MOB. URBA. SEÑAL.",2,0,0,0,0,2
2014,"27/06/2014","16:50","JARAMA",,"ESPAÑA","COLISION FRONTOLATERAL",1,0,0,0,0,2
2014,"27/06/2014","16:30","ESPAÑA",50," ","COLISION LATERAL",2,0,0,0,0,2
2014,"27/06/2014","16:10","MANUEL DE FALLA",32," ","CAIDA PASAJERO",1,1,0,0,0,1
2014,"29/06/2014","07:35","ESPAÑA",,"MARQUESA VIUDA ALDAMA","COLISION POR ALCANCE",2,1,0,0,0,2
2014,"30/06/2014","09:15","MENINA",,"CHOPERA","COLISION LATERAL",2,0,0,0,0,2
2014,"30/06/2014","11:00","MANUEL DE FALLA",12," ","ATROPELLO PEATON",1,1,0,0,1,1
2014,"30/06/2014","18:30","ESPAÑA",,"SALAMANCA","CAIDA PASAJERO",1,1,0,0,0,1
2014,"30/06/2014","20:10","AZALEA",551," ","COLISION LATERAL",2,0,0,0,0,2
2014,"01/07/2014","14:00","IRIS",174," ","CHOQUE CON VEH. ESTACIONADO",2,0,0,0,0,2
2014,"02/07/2014","02:30","CAMINO DEL ENCINAR",," ","CHOQUE MOB. URBA. SEÑAL.",2,0,0,0,0,2
2014,"02/07/2014","14:00","CONSTITUCION",,"ORENSE","COLISION LATERAL",2,0,0,0,0,2
2014,"02/07/2014","18:10","BRUSELAS",," ","COLISION POR ALCANCE",2,0,0,0,0,2
2014,"03/07/2014","01:30","BARAJAS (DE)",,"VEGA","CAIDA MOTORISTA",1,1,0,0,0,1
2014,"03/07/2014","09:50","VALDELAPARRA",,"DOCTOR SEVERO OCHOA","COLISION LATERAL",2,0,0,0,0,2
2014,"03/07/2014","16:30","ESPAÑA",54,"JARAMA","COLISION FRONTOLATERAL",2,0,0,0,0,2
2014,"04/07/2014","07:50","BARAJAS (DE)","SN"," ","COLISION POR ALCANCE",2,0,0,0,0,2
2014,"04/07/2014","14:45","BRUSELAS",2," ","COLISION LATERAL",2,0,0,0,0,2
2014,"04/07/2014","13:30","M-603 4.500 (RIO NORTE)",," ","CHOQUE CON VEH. ESTACIONADO",2,0,0,0,0,2
2014,"04/07/2014","14:10","CAMINO DEL ENCINAR",," ","COLISION FRONTOLATERAL",2,0,0,0,0,2
2014,"04/07/2014","15:20","ANTONIO MACHADO",19," ","CAIDA MOTORISTA",0,1,0,0,0,1
2014,"04/07/2014","17:38","FUENTELUCHA",20," ","CHOQUE CON VEH. ESTACIONADO",2,0,0,0,0,2
2014,"04/07/2014","19:00","ESPAÑA",54," ","ATROPELLO PEATON",1,1,0,0,1,1
2014,"05/07/2014","13:15","BARAJAS (DE)",,"M-12","COLISION POR ALCANCE",1,2,0,0,0,2
2014,"05/07/2014","14:20","VALDELAPARRA",,"MARQUES DE LA VALDAVIA","COLISION FRONTLATERAL CICLISTA",2,1,0,0,0,2
2014,"05/07/2014","15:45","HUESCA",6," ","COLISION POR ALCANCE",2,0,0,0,0,2
2014,"05/07/2014","17:15","ALCOBENDAS",,"SALVIA","CHOQUE MOB. URBA. SEÑAL.",4,0,0,0,0,2
2014,"06/07/2014","12:11","MARQUES DE LA VALDAVIA",141," ","CHOQUE CON VEH. ESTACIONADO",2,0,0,0,0,2
2014,"06/07/2014","14:00","DOLORES IBARRURI",6," ","COLISION POR ALCANCE",2,0,0,0,0,2
2014,"06/07/2014","18:40","VALDELAPARRA",124," ","CHOQUE CON VEH. ESTACIONADO",1,0,0,0,0,2
2014,"07/07/2014","18:20","MANUEL DE FALLA",,"MARQUES DE LA VALDAVIA","COLISION POR ALCANCE",1,1,0,0,0,2
2014,"07/07/2014","18:15","VALDELAPARRA",,"HUELVA","COLISION FRONTOLATERAL",2,0,0,0,0,2
2014,"07/07/2014","23:40","CAMINO VIEJO",84," ","CHOQUE CON ARBOL",2,0,1,0,0,1
2014,"08/07/2014","11:00","A-1 (SALIDA 16) VALDELAPARRA",," ","COLISION FRONTOLATERAL",2,0,0,0,0,2
2014,"08/07/2014","08:42","SORIA",41," ","CHOQUE CON VEH. ESTACIONADO",1,0,0,0,0,2
2014,"08/07/2014","08:05","A-1 (SALIDA 17)",,"BARAJAS (DE)","COLISION POR ALCANCE",2,0,0,0,0,2
2014,"08/07/2014","13:00","LIBERTAD",39," ","COLISION LATERAL",2,0,0,0,0,2
2014,"08/07/2014","21:15","A-1 (SALIDA 14) VIA SERV.ALCOB",," ","COLISION POR ALCANCE",2,0,0,0,0,2
2014,"09/07/2014","10:20","A-1 (SALIDA 16) VALDELAPARRA",," ","COLISION POR ALCANCE",3,0,0,0,0,3
2014,"08/07/2014","08:40","DOLORES IBARRURI",2," ","CHOQUE CON VEH. ESTACIONADO",2,0,0,0,0,2
2014,"09/07/2014","18:35","OLIVAR",6," ","COLISION POR ALCANCE",2,0,0,0,0,2
2014,"09/07/2014","21:10","MARQUESA VIUDA ALDAMA",37," ","CAIDA MOTORISTA",2,0,0,0,0,2
2014,"09/07/2014","13:20","BARAJAS (DE)",17," ","COLISION POR ALCANCE",0,0,0,0,0,2
2014,"08/07/2014","14:05","OLIMPICA",," ","CHOQUE CON OBSTACULO",2,0,0,0,0,2
2014,"10/07/2014","15:05","FRANCISCO GERVAS",,"INDUSTRIA","COLISION FRONTOLATERAL",5,0,0,0,0,2
2014,"10/07/2014","21:20","MIGUEL DE CERVANTES",,"DOLORES IBARRURI","CHOQUE CON VEH. ESTACIONADO",2,0,0,0,0,2
2014,"11/07/2014","13:35","VALPORTILLO I",3," ","COLISION FRONTOLATERAL",4,0,0,0,0,2
2014,"11/07/2014","17:50","CONSTITUCION",15," ","CHOQUE CON VEH. ESTACIONADO",2,0,0,0,0,2
2014,"11/07/2014","19:55","MARQUES DE LA VALDAVIA",99," ","CHOQUE CON VEH. ESTACIONADO",2,0,0,0,0,2
2014,"11/07/2014","20:00","VEGA",2," ","COLISION POR ALCANCE",2,0,0,0,0,2
2014,"11/07/2014","12:40","CIRCUNVALACION",," ","COLISION POR ALCANCE",1,2,0,0,0,2
2014,"12/07/2014","04:00","CAMINO DEL CURA",," ","SALIDA DE VIA",1,0,0,0,0,1
2014,"12/07/2014","15:15","BARAJAS (DE)",1," ","COLISION POR ALCANCE",0,2,0,0,0,2
2014,"13/07/2014","01:00","AZALEA",3," ","CHOQUE CON OBSTACULO",2,0,0,0,0,2
2014,"13/07/2014","16:30","CAMILO JOSE CELA",1," ","COLISION FRONTLATERAL CICLISTA",2,0,0,0,0,2
2014,"14/07/2014","07:45","VALDELAPARRA",,"MONTE DE VALDELATAS","COLISION FRONTLATERAL CICLISTA",3,1,0,0,0,2
2014,"14/07/2014","14:10","MARQUES DE LA VALDAVIA",,"ESPAÑA","CAIDA CICLISTA",0,0,1,0,0,1
2014,"11/07/2014","15:15","VELARDE",13," ","CHOQUE CON VEH. ESTACIONADO",0,0,0,0,0,2
2014,"15/07/2014","20:25","IMAGINACION",10," ","CHOQUE CON VEH. ESTACIONADO",0,0,0,0,0,2
2014,"16/07/2014","14:00","MARIANO SEBASTIAN IZUEL",," ","COLISION LATERAL",2,0,0,0,0,2
2014,"16/07/2014","14:30","MARIANO SEBASTIAN IZUEL",," ","COLISION POR ALCANCE",2,0,0,0,0,2
2014,"16/07/2014","15:40","SALVADOR ALLENDE",,"FRANCISCA DELGADO","COLISION FRONTOLATERAL",2,0,0,0,0,2
2014,"16/07/2014","16:30","MENINA",,"SALVADOR ALLENDE","COLISION FRONTOLATERAL",2,0,0,0,0,2
2014,"16/07/2014","20:15","BARAJAS (DE)",,"A-1 (SALIDA 17)","COLISION POR ALCANCE",3,0,0,0,0,2
2014,"17/07/2014","14:05","FUENTIDUEÑA",12," ","CHOQUE CON VEH. ESTACIONADO",2,0,0,0,0,3
2014,"17/07/2014","13:00","JARAMA",,"ESPAÑA","COLISION LATERAL",2,0,0,0,0,2
2014,"16/07/2014","20:18","RUPERTO CHAPI","CV","MARQUES DE LA VALDAVIA","COLISION POR ALCANCE",2,1,0,0,0,2
2014,"17/07/2014","15:55","PASEO DE LOS PARQUES",1," ","CHOQUE CON VEH. ESTACIONADO",2,0,0,0,0,2
2014,"17/07/2014","17:30","VALDELAPARRA",2," ","COLISION LATERAL",2,1,0,0,0,2
2014,"17/07/2014","18:50","VALDELAPARRA",,"CANTABRIA","COLISION FRONTOLATERAL",2,0,0,0,0,2
2014,"18/07/2014","14:40","CAMINO SUR",36," ","CHOQUE CON OBSTACULO",2,0,0,0,0,1
2014,"18/07/2014","17:28","ALCOBENDAS",,"CAMINO ANCHO","CHOQUE CON ARBOL",1,0,0,0,0,1
2014,"18/07/2014","20:13","CONDE DE LOS GAITANES",177," ","CAIDA CICLISTA",0,1,0,0,0,1
2014,"18/07/2014","17:10","RUPERTO CHAPI","CV","CONSTITUCION","COLISION FRONTOLATERAL",2,0,0,0,0,2
2014,"18/07/2014","13:00","VALDELAPARRA",," ","COLISION FRONTOLATERAL",2,0,0,0,0,2
2014,"18/07/2014","01:00","LAUREL",,"ORQUIDEA","CHOQUE MOB. URBA. SEÑAL.",5,0,0,0,0,1
2014,"19/07/2014","13:39","ESPAÑA",,"NUESTRA SEÑORA DEL PILAR","COLISION POR ALCANCE",3,0,0,0,0,2
2014,"19/07/2014","17:18","BARAJAS (DE)",,"VEGA","COLISION POR ALCANCE",2,2,0,0,0,2
2014,"20/07/2014","05:25","JACINTO BENAVENTE",," ","CHOQUE CON VEH. ESTACIONADO",1,0,0,0,0,6
2014,"21/07/2014","12:50","MIGUEL DE CERVANTES","S/N"," ","CHOQUE CON VEH. ESTACIONADO",2,0,0,0,0,2
2014,"21/07/2014","13:30","AZALEA",,"BEGONIA","CAIDA PASAJERO",2,1,0,0,0,1
2014,"21/07/2014","13:31","MARQUES DE LA VALDAVIA",,"NAVARRA","ATROPELLO PEATON",1,1,0,0,1,1
2014,"21/07/2014","18:10","A-1 (SALIDA 14) VIA SERV.ALCOB",1," ","COLISION LATERAL",1,1,0,0,0,2
2014,"21/07/2014","21:00","NUESTRA SEÑORA DEL PILAR",,"UNION","COLISION POR ALCANCE",3,0,0,0,0,2
2014,"21/07/2014","16:00","CAMINO DEL SOTO",1," ","SALIDA DE VIA",2,0,0,0,0,2
2014,"22/07/2014","16:00","ELECTRONICA","CV","FUENCARRAL","COLISION POR ALCANCE",1,1,0,0,0,2
2014,"23/07/2014","12:45","VALDELAPARRA",1," ","ATROPELLO PEATON",2,0,0,0,1,1
2014,"23/07/2014","19:00","AZALEA",424," ","COLISION FRONTOLATERAL",1,2,0,0,0,3
2014,"23/07/2014","19:30","BARCELONA",12," ","CHOQUE CON VEH. ESTACIONADO",0,0,0,0,0,2
2014,"24/07/2014","01:15","ALCOBENDAS",,"AZALEA","CHOQUE MOB. URBA. SEÑAL.",1,0,0,0,0,1
2014,"24/07/2014","07:45","EMBRUJO",,"ILUSION","ATROPELLO PEATON",2,0,1,0,1,1
2014,"24/07/2014","18:45","SAN RAFAEL",2," ","COLISION FRONTOLATERAL",2,0,0,0,0,2
2014,"24/07/2014","22:30","MARQUES DE LA VALDAVIA",169," ","CHOQUE CON VEH. ESTACIONADO",2,0,0,0,0,2
2014,"25/07/2014","08:00","AVENIDA ESPAÑA",,"CONSTITUCION","COLISION LATERAL",2,0,0,0,0,2
2014,"25/07/2014","18:45","FUENCARRAL",1," ","COLISION POR ALCANCE",6,0,0,0,0,2
2014,"25/07/2014","19:15","TRANSRADIO",12," ","CHOQUE CON VEH. ESTACIONADO",1,0,0,0,0,2
2014,"26/07/2014","20:55","BARAJAS (DE)","CV","FERNANDO ALONSO","COLISION POR ALCANCE",2,1,0,0,0,2
2014,"27/07/2014","21:00","A-1 (SALIDA 17)",," ","COLISION POR ALCANCE",6,0,0,0,0,2
2014,"28/07/2014","07:50","MOSCATELARES",," ","COLISION FRONTOLATERAL",2,0,0,0,0,2
2014,"28/07/2014","19:15","MARQUESA VIUDA ALDAMA",19," ","COLISION POR ALCANCE",2,0,0,0,0,2
2014,"28/07/2014","19:30","ESPAÑA",,"HENRY DUNANT","ATROPELLO PEATON",1,1,0,0,1,1
2014,"29/07/2014","09:20","A-1 (SALIDA 16) VALDELAPARRA",," ","COLISION FRONTOLATERAL",1,1,0,0,0,2
2014,"29/07/2014","12:20","FRANCISCO GERVAS",15," ","COLISION POR ALCANCE",3,0,0,0,0,3
2014,"29/07/2014","20:20","AZALEA",2," ","CHOQUE CON VEH. ESTACIONADO",1,0,0,0,0,2
2014,"31/07/2014","16:45","MARQUES DE LA VALDAVIA",,"MANUEL DE FALLA","COLISION FRONTOLATERAL",2,1,0,0,0,2
2014,"01/08/2014","08:06","EUROPA",10," ","CHOQUE CON VEH. ESTACIONADO",2,0,0,0,0,2
2014,"01/08/2014","13:20","A-1 (SALIDA 16) BRUSELAS",," ","COLISION POR ALCANCE",5,1,0,0,0,2
2014,"02/08/2014","20:00","LIBERTAD",38," ","ATROPELLO PEATON",2,0,1,0,1,1
2014,"03/08/2014","03:00","BEGONIA",,"DALIA","CHOQUE CON VEH. ESTACIONADO",2,0,0,0,0,2
2014,"04/08/2014","11:10","FUEGO",,"ESPAÑA","CAIDA DE CARGA DE VEHÍCULO",2,0,0,0,0,2
2014,"05/08/2014","13:20","MARQUES DE LA VALDAVIA",160,"VALDELAPARRA","CAIDA CICLISTA",0,0,1,0,0,1
2014,"05/08/2014","18:20","RUPERTO CHAPI",15," ","COLISION POR ALCANCE",2,0,0,0,0,2
2014,"05/08/2014","15:00","MADRID","CV","VALENCIA","COLISION POR ALCANCE",3,0,0,0,0,3
2014,"04/08/2014","23:00","A-1 (SALIDA 16)",16," ","SALIDA DE VIA",1,0,0,0,0,2
2014,"06/08/2014","14:10","PINTOR SOROLLA",,"DOCTOR CASIMIRO MORCILLO","COLISION LATERAL",1,1,0,0,0,2
2014,"07/08/2014","15:20","LIBERTAD",22," ","COLISION POR ALCANCE",2,0,0,0,0,2
2014,"08/08/2014","10:35","LIBERTAD",,"COVACHUELAS","CAIDA MOTORISTA",2,1,0,0,0,3
2014,"08/08/2014","08:20","VALDELAPARRA",124," ","CHOQUE CON MURO",1,0,0,0,0,1
2014,"09/08/2014","02:35","MORALEJA",2," ","COLISION FRONTOLATERAL",1,1,0,0,0,2
2014,"09/08/2014","10:35","MOSCATELARES",1," ","COLISION FRONTOLATERAL",2,0,0,0,0,2
2014,"08/08/2014","20:35","TARRAGONA",,"MANUEL DE FALLA","CHOQUE CON VEH. ESTACIONADO",2,0,0,0,0,2
2014,"10/08/2014","13:30","AZALEA",229," ","CHOQUE CON ARBOL",1,1,0,0,0,2
2014,"10/08/2014","13:55","LIBERTAD",61," ","COLISION LATERAL",2,0,0,0,0,2
2014,"09/08/2014","21:00","MENINA",1," ","COLISION POR ALCANCE",1,1,0,0,0,2
2014,"11/08/2014","13:50","ESPAÑA",,"FUEGO","COLISION FRONTOLATERAL",2,0,0,0,0,2
2014,"11/08/2014","18:05","FUENCARRAL","1,4"," ","COLISION FRONTLATERAL CICLISTA",1,1,0,0,0,2
2014,"11/08/2014","18:20","CONDE DE LOS GAITANES",177," ","CHOQUE MOB. URBA. SEÑAL.",1,0,0,0,0,1
2014,"11/08/2014","20:25","NUESTRA SEÑORA DEL PILAR",23," ","CHOQUE CON VEH. ESTACIONADO",0,0,0,0,0,2
2014,"12/08/2014","09:05","REAL VIEJA",22," ","CHOQUE CON VEH. ESTACIONADO",2,0,0,0,0,2
2014,"11/08/2014","14:00","LIBERTAD",16," ","COLISION LATERAL",2,0,0,0,0,2
2014,"13/08/2014","14:20","AZALEA",2," ","CHOQUE CON VEH. ESTACIONADO",0,0,0,0,0,2
2014,"14/08/2014","02:30","CELSO EMILIO FERREIRO",3," ","CHOQUE CON VEH. ESTACIONADO",2,0,0,0,0,2
2014,"14/08/2014","09:20","VALDELAPARRA",,"FUENCARRAL","COLISION LATERAL",1,0,0,0,0,1
2014,"16/08/2014","21:20","LUIS RODRIGUEZ ONTIVEROS",104,"MIRASIERRA","ATROPELLO PEATON",2,1,0,0,1,1
2014,"16/08/2014","05:50","REAL VIEJA",48," ","CHOQUE CON VEH. ESTACIONADO",2,0,0,0,0,2
2014,"19/08/2014","14:17","ESCOBARES",," ","CHOQUE MOB. URBA. SEÑAL.",2,0,0,0,0,2
2014,"19/08/2014","13:50","DOCTOR CASIMIRO MORCILLO",14," ","CHOQUE CON VEH. ESTACIONADO",2,0,0,0,0,2
2014,"19/08/2014","19:57","AZALEA",248," ","CHOQUE CON VEH. ESTACIONADO",2,0,0,0,0,2
2014,"18/08/2014","12:55","CAMINO ANCHO",," ","COLISION FRONTOLATERAL",2,0,0,0,0,2
2014,"20/08/2014","13:50","OBISPO EIJO GARAY",,"JARAMA","CHOQUE MOB. URBA. SEÑAL.",2,0,0,0,0,2
2014,"20/08/2014","11:15","FUENCARRAL",70," ","CHOQUE MOB. URBA. SEÑAL.",1,0,0,0,0,1
2014,"21/08/2014","20:18","MANUEL DE FALLA",,"MIGUEL DE CERVANTES","COLISION FRONTOLATERAL",2,0,0,0,0,2
2014,"23/08/2014","12:49","A-1 (SALIDA 14) VIA SER.MADRID",," ","COLISION POR ALCANCE",5,1,0,0,0,2
2014,"23/08/2014","18:00","BARAJAS (DE)",,"VEGA","COLISION LATERAL",2,0,0,0,0,2
2014,"25/08/2014","08:07","PABLO PICASSO",49," ","SALIDA DE VIA",1,0,0,0,0,1
2014,"25/08/2014","17:45","INDUSTRIA",4," ","ATROPELLO PEATON",2,0,1,0,1,2
2014,"26/08/2014","13:00","RUPERTO CHAPI",1," ","CAIDA PASAJERO",1,1,0,0,0,1
2014,"26/08/2014","18:20","VALDELAPARRA",31," ","COLISION LATERAL",2,0,0,0,0,2
2014,"27/08/2014","10:35","ANABEL SEGURA",11," ","COLISION FRONTOLATERAL",2,0,0,0,0,2
2014,"28/08/2014","05:30","CONSTITUCION",,"ISABEL ROSILLO","CHOQUE MOB. URBA. SEÑAL.",6,0,0,0,0,2
2014,"28/08/2014","06:15","PINTOR VELAZQUEZ",13," ","CHOQUE CON VEH. ESTACIONADO",1,0,0,0,0,3
2014,"28/08/2014","13:20","OLIMPICA",,"JUAN ANTONIO SAMARANCH","COLISION POR ALCANCE",2,0,0,0,0,2
2014,"28/08/2014","15:39","CADIZ","CV","CHOPERA","CHOQUE CON VEH. ESTACIONADO",1,0,0,0,0,3
2014,"30/08/2014","09:30","CAMINO ANCHO",84," ","COLISION POR ALCANCE",3,0,0,0,0,2
2014,"31/08/2014","13:56","ISAAC ALBENIZ",16," ","ATROPELLO PEATON",1,1,0,0,1,1
2014,"31/08/2014","13:40","MADRID",,"LUIS RODRIGUEZ ONTIVEROS","CHOQUE MOB. URBA. SEÑAL.",2,0,0,0,0,2
2014,"02/09/2014","11:55","SALVADOR ALLENDE",10," ","CHOQUE CON VEH. ESTACIONADO",3,0,0,0,0,3
2014,"02/09/2014","12:40","MARQUES DE LA VALDAVIA",177," ","CHOQUE CON VEH. ESTACIONADO",1,0,0,0,0,2
2014,"02/09/2014","17:45","GRANJA",76," ","COLISION POR ALCANCE",1,1,0,0,0,2
2014,"03/09/2014","11:20","VALGRANDE",17," ","COLISION FRONTOLATERAL",3,0,0,0,0,3
2014,"03/09/2014","11:50","CHOPERA",105," ","COLISION FRONTOLATERAL",2,0,0,0,0,2
2014,"03/09/2014","16:00","MANUEL DE FALLA","CV","CONSTITUCION","COLISION LATERAL",2,0,0,0,0,2
2014,"04/09/2014","03:40","ESPLIEGO",2," ","CHOQUE MOB. URBA. SEÑAL.",2,0,0,0,0,2
2014,"04/09/2014","19:40","BARAJAS (DE)","CV","DE LA VEGA","COLISION POR ALCANCE",3,0,0,0,0,2
2014,"04/09/2014","18:15","RAFAEL NADAL",," ","CHOQUE MOB. URBA. SEÑAL.",2,0,0,0,0,2
2014,"04/09/2014","15:40","OLIMPICA","SN"," ","CHOQUE CON VEH. ESTACIONADO",2,0,0,0,0,2
2014,"05/09/2014","13:16","MARQUES DE LA VALDAVIA",107," ","COLISION POR ALCANCE",2,1,0,0,0,2
2014,"05/09/2014","12:50","CHOPERA",2,"NARANJOS","COLISION LATERAL",2,0,0,0,0,2
2014,"04/09/2014","08:00","SALVADOR ALLENDE",31,"MOSCATELARES","ATROPELLO PEATON",0,2,0,0,1,1
2014,"05/09/2014","15:20","CRUZ","CV","MARIANO SEBASTIAN IZUEL","COLISION FRONTOLATERAL",3,0,0,0,0,2
2014,"05/09/2014","19:30","JUNCAL","SN"," ","COLISION POR ALCANCE",2,0,0,0,0,2
2014,"05/09/2014","13:20","FRANCISCO GERVAS",14," ","CHOQUE CON VEH. ESTACIONADO",2,0,0,0,0,2
2014,"06/09/2014","11:15","DOCTOR ADOLFO ROMERO",,"DOCTOR CASIMIRO MORCILLO","CHOQUE MOB. URBA. SEÑAL.",2,0,0,0,0,2
2014,"06/09/2014","13:15","RAFAEL NADAL","S/N","B (POLIDEPORTIVO JOSE CABALLER","CHOQUE CON VEH. ESTACIONADO",2,0,0,0,0,2
2014,"07/09/2014","04:35","BARAJAS (DE)",1," ","CHOQUE MOB. URBA. SEÑAL.",2,0,0,0,0,2
2014,"07/09/2014","06:30","RAFAEL NADAL",1," ","CHOQUE MOB. URBA. SEÑAL.",1,0,0,0,0,1
2014,"07/09/2014","13:30","MENINA",1," ","COLISION LATERAL",2,0,0,0,0,2
2014,"08/09/2014","18:35","VALDELAPARRA",,"DOCTOR SEVERO OCHOA","COLISION FRONTOLATERAL",2,0,0,0,0,2
2014,"08/09/2014","15:30","MONTE DE VALDELATAS",1," ","CHOQUE CON VEH. ESTACIONADO",2,0,0,0,0,2
2014,"10/09/2014","10:15","BARAJAS (DE)",1," ","COLISION LATERAL",2,0,0,0,0,2
2014,"10/09/2014","12:30","BRUSELAS",,"CALENDULA","ATROPELLO PEATON",1,1,0,0,1,1
2014,"10/09/2014","14:00","INDUSTRIA",9," ","COLISION POR ALCANCE",0,2,0,0,0,2
2014,"10/09/2014","14:15","DALIA",54," ","CHOQUE CON VEH. ESTACIONADO",2,0,0,0,0,2
2014,"10/09/2014","17:20","SOTO",1," ","COLISION POR ALCANCE",3,0,0,0,0,2
2014,"11/09/2014","01:30","VALDELAPARRA",124," ","CHOQUE MOB. URBA. SEÑAL.",1,0,0,0,0,1
2014,"11/09/2014","09:30","ESPAÑA",,"IBIZA","ATROPELLO ANIMAL",1,0,0,0,0,1
2014,"11/09/2014","09:43","MANUEL DE FALLA",,"DOLORES IBARRURI","CAIDA MOTORISTA",0,1,0,0,0,1
2014,"11/09/2014","14:18","ARAGONESES",,"SAN RAFAEL","CHOQUE MOB. URBA. SEÑAL.",1,0,0,0,0,1
2014,"11/09/2014","13:10","BARAJAS (DE)",,"VEGA","CAIDA PASAJERO",3,0,0,0,0,1
2014,"11/09/2014","18:15","MARQUES DE LA VALDAVIA",,"MANUEL DE FALLA","COLISION POR ALCANCE",3,0,0,0,0,2
2014,"11/09/2014","17:50","ERMITA",2," ","CHOQUE CON VEH. ESTACIONADO",3,0,0,0,0,2
2014,"12/09/2014","20:27","VALDELAPARRA",88," ","COLISION LATERAL",2,0,0,0,0,2
2014,"12/09/2014","17:05","BARAJAS (DE)",1," ","COLISION POR ALCANCE",5,1,0,0,0,3
2014,"12/09/2014","19:35","CHOPERA",204," ","ATROPELLO PEATON",1,0,1,0,1,1
2014,"13/09/2014","11:30","RAFAEL NADAL",,"BARAJAS (DE)","COLISION POR ALCANCE",2,1,0,0,0,2
2014,"14/09/2014","04:15","SALVADOR ALLENDE",8," ","CHOQUE MOB. URBA. SEÑAL.",1,0,0,0,0,1
2014,"14/09/2014","13:24","PABLO IGLESIAS",16,"FANTASIA","COLISION FRONTLATERAL CICLISTA",1,1,0,0,0,2
2014,"14/09/2014","21:00","CHOPERA",66," ","CAIDA MOTORISTA",0,1,0,0,0,1
2014,"14/09/2014","23:30","MARQUESA VIUDA ALDAMA",33," ","CHOQUE CON MURO",1,0,0,0,0,1
2014,"15/09/2014","09:15","RUPERTO CHAPI",39," ","ATROPELLO PEATON",2,0,0,0,1,1
2014,"15/09/2014","10:40","JOSE ECHEGARAY",16," ","CHOQUE CON VEH. ESTACIONADO",2,0,0,0,0,2
2014,"15/09/2014","15:40","MARQUES DE LA VALDAVIA",165," ","CHOQUE CON VEH. ESTACIONADO",2,0,0,0,0,2
2014,"15/09/2014","15:30","MARQUES DE LA VALDAVIA",,"ESPAÑA","COLISION POR ALCANCE",4,0,0,0,0,2
2014,"15/09/2014","22:55","DOLORES IBARRURI",2," ","SALIDA DE VIA",2,0,0,0,0,2
2014,"16/09/2014","08:20","BRUSELAS",,"SALVIA","COLISION LATERAL",4,0,0,0,0,2
2014,"16/09/2014","11:55","CORDEL TAPIA VIÑUELAS",1," ","VUELCO",0,1,0,0,0,1
2014,"16/09/2014","19:05","MENINA",1," ","COLISION LATERAL",2,0,0,0,0,2
2014,"17/09/2014","10:29","HUELVA",," ","ATROPELLO PEATON",1,0,1,0,1,1
2014,"18/09/2014","12:13","SOTO",,"BEGONIA","COLISION LATERAL",2,0,0,0,0,2
2014,"18/09/2014","16:25","BRUSELAS",,"SALVIA","COLISION POR ALCANCE",2,0,0,0,0,2
2014,"18/09/2014","19:25","BRUSELAS",,"A-1 (SALIDA 16)","COLISION LATERAL",3,0,0,0,0,2
2014,"18/09/2014","22:30","BRUSELAS",22," ","ATROPELLO PEATON",1,1,0,0,1,1
2014,"19/09/2014","03:22","CAMINO ALTO",2," ","SALIDA DE VIA",1,0,0,0,0,1
2014,"19/09/2014","09:55","VALDELAPARRA",6," ","CAIDA MOTORISTA",1,0,0,0,0,1
2014,"19/09/2014","09:30","CONSTITUCION",107," ","COLISION LATERAL",2,0,0,0,0,2
2014,"19/09/2014","12:15","OLIVAR",12," ","COLISION POR ALCANCE",1,0,0,0,0,2
2014,"19/09/2014","12:50","LIBERTAD",26," ","COLISION FRONTOLATERAL",1,0,0,0,0,2
2014,"19/09/2014","15:30","MARQUES DE LA VALDAVIA",107," ","COLISION POR ALCANCE",4,0,0,0,0,3
2014,"19/09/2014","15:45","MARQUES DE LA VALDAVIA",,"VALDELAPARRA","COLISION POR ALCANCE",3,0,0,0,0,2
2014,"19/09/2014","17:10","CAMINO DEL CURA",10," ","CHOQUE MOB. URBA. SEÑAL.",2,0,0,0,0,2
2014,"20/09/2014","06:20","RAFAEL NADAL",9," ","CHOQUE MOB. URBA. SEÑAL.",2,0,0,0,0,2
2014,"21/09/2014","19:16","VALDELAPARRA",3," ","CAIDA CICLISTA",1,1,0,0,1,1
2014,"21/09/2014","19:00","CUESTABLANCA",9," ","CHOQUE MOB. URBA. SEÑAL.",1,0,0,0,0,1
2014,"23/09/2014","10:15","AZALEA",,"NARDO","COLISION FRONTOLATERAL",2,0,0,0,0,2
2014,"23/09/2014","10:45","JARAMA",44,"ESPAÑA","COLISION LATERAL",2,0,0,0,0,2
2014,"23/09/2014","09:30","AZALEA",,"ALCOBENDAS","CHOQUE MOB. URBA. SEÑAL.",2,0,0,0,0,2
2014,"23/09/2014","16:00","CONSTITUCION",119," ","COLISION POR ALCANCE",5,0,0,0,0,2
2014,"23/09/2014","16:45","BEGONIA",275," ","CHOQUE CON VEH. ESTACIONADO",2,0,0,0,0,2
2014,"07/09/2014","09:17","MANUEL DE FALLA",," ","CHOQUE CON OBSTACULO",1,0,0,0,0,1
2014,"24/09/2014","08:37","ESPAÑA",56," ","CAIDA MOTORISTA",0,1,0,0,0,1
2014,"24/09/2014","10:50","ILUSION",,"FELICIDAD","COLISION FRONTLATERAL CICLISTA",1,0,1,0,0,2
2014,"24/09/2014","08:20","MENINA",,"SALVADOR ALLENDE","COLISION POR ALCANCE",2,0,0,0,0,2
2014,"23/09/2014","18:00","MIRAFLORES",,"ESPAÑA","COLISION FRONTOLATERAL",3,0,0,0,0,2
2014,"24/09/2014","22:40","BLAS DE OTERO","S/N"," ","CHOQUE CON VEH. ESTACIONADO",3,0,0,0,0,3
2014,"25/09/2014","12:22","MARQUES DE LA VALDAVIA",75," ","COLISION LATERAL",2,0,0,0,0,2
2014,"25/09/2014","15:17","CHOPERA",74," ","COLISION POR ALCANCE",1,0,1,0,0,2
2014,"25/09/2014","18:10","ANABEL SEGURA","CV","DE LA VEGA","COLISION FRONTOLATERAL",3,0,0,0,0,3
2014,"25/09/2014","21:15","GRANJA","CV","SEPULVEDA","COLISION FRONTOLATERAL",1,1,0,0,0,2
2014,"25/09/2014","18:45","NARDO",6," ","CHOQUE CON VEH. ESTACIONADO",2,0,0,0,0,2
2014,"26/09/2014","08:30","MANUEL DE FALLA",69," ","COLISION POR ALCANCE",4,0,0,0,0,3
2014,"26/09/2014","12:00","ISAAC ALBENIZ",25," ","CHOQUE CON VEH. ESTACIONADO",4,0,0,0,0,4
2014,"26/09/2014","15:30","DE LA VEGA",1," ","CHOQUE CON VEH. ESTACIONADO",1,0,0,0,0,2
2014,"26/09/2014","18:20","MENINA","CV","CANTABRIA","COLISION POR ALCANCE",2,0,0,0,0,2
2014,"28/09/2014","07:00","FRANCISCA DELGADO",4," ","SALIDA DE VIA",2,0,0,0,0,2
2014,"28/09/2014","17:30","MARQUES DE LA VALDAVIA","SN"," ","CHOQUE CON VEH. ESTACIONADO",2,0,0,0,0,2
2014,"29/09/2014","14:22","PABLO IGLESIAS",,"DOLORES IBARRURI","COLISION LATERAL",2,0,0,0,0,2
2014,"29/09/2014","18:30","OVIEDO",2," ","CHOQUE MOB. URBA. SEÑAL.",2,0,0,0,0,2
2014,"30/09/2014","13:10","LA GRANJA",9," ","COLISION POR ALCANCE",2,2,0,0,0,2
2014,"30/09/2014","17:45","FUENCARRAL","4,3"," ","COLISION LATERAL",2,0,0,0,0,2
2014,"30/09/2014","20:10","JARAMA",1," ","ATROPELLO PEATON",2,0,0,0,1,1
2014,"30/09/2014","18:30","FERNANDO ALONSO",," ","COLISION LATERAL",2,0,0,0,0,2
2014,"01/10/2014","01:15","CUESTA DEL CERRO",96," ","CHOQUE CON VEH. ESTACIONADO",1,0,0,0,0,2
2014,"01/10/2014","12:10","ESPAÑA",,"BLAS DE OTERO","COLISION POR ALCANCE",2,0,0,0,0,2
2014,"01/10/2014","10:00","INDUSTRIA",,"SAN JULIAN","COLISION FRONTOLATERAL",2,0,0,0,0,2
2014,"01/10/2014","18:00","MONTE DE VALDELATAS",1,"SEPULVEDA","COLISION POR ALCANCE",2,1,0,0,0,2
2014,"01/10/2014","18:00","CHOPERA",,"ESPAÑA","COLISION POR ALCANCE",1,1,0,0,0,2
2014,"02/10/2014","21:10","MORALEJA","SN"," ","CHOQUE CON VEH. ESTACIONADO",1,0,0,0,0,2
2014,"03/10/2014","13:25","VALDELAPARRA",,"INDUSTRIA","COLISION POR ALCANCE",2,0,0,0,0,2
2014,"03/10/2014","14:17","FELICIDAD",1," ","CHOQUE CON VEH. ESTACIONADO",1,0,0,0,0,2
2014,"03/10/2014","15:15","ALCOBENDAS",7," ","CAIDA PASAJERO",2,1,0,0,0,2
2014,"06/10/2014","11:00","MENINA",,"CANTABRIA","COLISION POR ALCANCE",1,1,0,0,0,2
2014,"06/10/2014","09:40","MONTE DE VALDELATAS",,"GRANADA","COLISION FRONTOLATERAL",2,0,0,0,0,2
2014,"06/10/2014","14:20","CHOPERA","CV","ESPAÑA","COLISION FRONTOLATERAL",1,1,0,0,0,2
2014,"06/10/2014","18:20","A-1 (SALIDA 14) VIA SER.MADRID",2," ","COLISION POR ALCANCE",3,1,0,0,0,4
2014,"06/10/2014","17:32","INDUSTRIA","CV","VALDELAPARRA","COLISION FRONTOLATERAL",2,0,0,0,0,2
2014,"06/10/2014","18:30","MANUEL DE FALLA",44," ","COLISION POR ALCANCE",3,0,0,0,0,3
2014,"06/10/2014","21:30","PRIMERO DE MAYO",7," ","COLISION LATERAL",2,0,0,0,0,2
2014,"06/10/2014","23:30","CAMINO DEL CURA",8," ","COLISION FRONTOLATERAL",0,0,0,0,0,1
2014,"07/10/2014","09:50","PINTOR MURILLO",16," ","CHOQUE CON VEH. ESTACIONADO",1,0,0,0,0,2
2014,"06/10/2014","20:25","DOCTOR ADOLFO ROMERO",2," ","CHOQUE MOB. URBA. SEÑAL.",1,0,0,0,0,1
2014,"07/10/2014","19:00","BEGONIA",1," ","CHOQUE CON VEH. ESTACIONADO",1,1,0,0,0,2
2014,"07/10/2014","17:45","NARDO",1," ","COLISION POR ALCANCE",2,0,0,0,0,2
2014,"08/10/2014","13:30","MARQUES DE LA VALDAVIA",,"PABLO IGLESIAS","COLISION FRONTLATERAL CICLISTA",2,1,0,0,0,2
2014,"08/10/2014","16:55","VALDELAPARRA","CV","SEVERO OCHOA","COLISION POR ALCANCE",3,0,0,0,0,2
2014,"09/10/2014","08:10","MANUEL DE FALLA",,"DOLORES IBARRURI","CAIDA MOTORISTA",1,1,0,0,0,2
2014,"09/10/2014","07:43","CAMINO VIEJO",84," ","ATROPELLO PEATON",1,0,1,0,1,1
2014,"09/10/2014","08:45","EUROPA",13," ","ATROPELLO PEATON",1,1,0,0,1,1
2014,"09/10/2014","10:30","AMURA",1," ","CHOQUE CON MURO",1,0,0,0,0,1
2014,"09/10/2014","10:35","BARAJAS (DE)",22," ","COLISION POR ALCANCE",1,1,0,0,0,2
2014,"09/10/2014","11:20","MIRAFLORES",55," ","COLISION FRONTOLATERAL",2,0,0,0,0,2
2014,"09/10/2014","20:50","MARIANO SEBASTIAN IZUEL","CV","CRUZ","COLISION LATERAL",3,0,0,0,0,2
2014,"09/10/2014","19:20","ESPAÑA",54," ","CAIDA MOTORISTA",1,1,0,0,0,2
2014,"10/10/2014","07:30","MARQUES DE LA VALDAVIA",,"PABLO IGLESIAS","COLISION LATERAL",1,0,0,0,0,1
2014,"10/10/2014","07:55","FRANCISCA DELGADO",," ","SALIDA DE VIA",1,0,0,0,0,1
2014,"10/10/2014","09:45","MOSCATELARES",," ","SALIDA DE VIA",2,0,0,0,0,2
2014,"10/10/2014","07:40","DOCTOR SEVERO OCHOA",,"JOSE ECHEGARAY","CHOQUE MOB. URBA. SEÑAL.",2,0,0,0,0,2
2014,"10/10/2014","08:08","PINTOR GOYA",,"CHOPERA","COLISION LATERAL",2,0,0,0,0,2
2014,"11/10/2014","03:20","CAMINO DEL ENCINAR",1," ","CHOQUE CON VEH. ESTACIONADO",1,0,0,0,0,2
2014,"12/10/2014","11:25","FUENCARRAL",53," ","CHOQUE CON MURO",2,0,0,0,0,1
2014,"13/10/2014","07:30","VALDELAPARRA",,"HUELVA","COLISION FRONTOLATERAL",2,0,0,0,0,2
2014,"10/10/2014","14:05","ERMITA",,"MENINA","COLISION POR ALCANCE",2,0,0,0,0,2
2014,"13/10/2014","20:05","BEGONIA",92," ","COLISION FRONTAL",4,0,0,0,0,2
2014,"13/10/2014","17:05","BRUSELAS",2," ","COLISION LATERAL",2,0,0,0,0,2
2014,"13/10/2014","20:10","BARAJAS (DE)","CV"," ","CHOQUE CON VEH. ESTACIONADO",2,0,0,0,0,2
2014,"14/10/2014","12:15","ESPAÑA",," ","CHOQUE MOB. URBA. SEÑAL.",3,0,0,0,0,3
2014,"14/10/2014","14:07","CHOPERA",132," ","CHOQUE MOB. URBA. SEÑAL.",2,0,0,0,0,3
2014,"14/10/2014","14:00","ESPAÑA","CV","DOCTOR ADOLFO ROMERO","COLISION POR ALCANCE",2,0,0,0,0,2
2014,"14/10/2014","23:20","CONSTITUCION",104," ","CHOQUE CON VEH. ESTACIONADO",2,0,0,0,0,2
2014,"15/10/2014","23:45","MORALEJA",," ","CHOQUE CON VEH. ESTACIONADO",2,0,0,0,0,2
2014,"14/10/2014","13:00","OLIMPICA","SN"," ","CHOQUE CON VEH. ESTACIONADO",1,0,0,0,0,2
2014,"16/10/2014","09:20","AMURA",1," ","COLISION LATERAL",1,0,0,0,0,1
2014,"16/10/2014","15:15","VALDELAPARRA",4," ","COLISION POR ALCANCE",4,1,0,0,0,4
2014,"16/10/2014","18:30","DOCTOR SEVERO OCHOA",53," ","CHOQUE CON VEH. ESTACIONADO",1,0,0,0,0,2
2014,"16/10/2014","16:40","YUCA",1," ","SALIDA DE VIA",2,0,0,0,0,1
2014,"17/10/2014","16:15","MARQUES DE LA VALDAVIA",97," ","CHOQUE CON VEH. ESTACIONADO",2,0,0,0,0,2
2014,"19/10/2014","05:50","PINTOR VELAZQUEZ",8," ","CHOQUE CON VEH. ESTACIONADO",2,0,0,0,0,2
2014,"19/10/2014","08:20","MANUEL DE FALLA",," ","CHOQUE CON OBSTACULO",1,0,0,0,0,1
2014,"19/10/2014","21:00","FUENCARRAL",14500," ","CHOQUE CON VEH. ESTACIONADO",2,0,0,0,0,2
2014,"19/10/2014","23:50","MENINA",," ","CHOQUE MOB. URBA. SEÑAL.",2,0,1,0,0,2
2014,"20/10/2014","08:20","MENINA",," ","COLISION FRONTOLATERAL",2,0,0,0,0,2
2014,"20/10/2014","18:26","NARDO",4," ","CHOQUE MOB. URBA. SEÑAL.",1,0,0,0,0,2
2014,"20/10/2014","16:15","DOCTOR SEVERO OCHOA","SN"," ","COLISION POR ALCANCE",1,1,0,0,0,2
2014,"20/10/2014","15:45","CHOPERA",109," ","ATROPELLO PEATON",1,1,0,0,1,1
2014,"20/10/2014","18:15","CAÑON",11," ","CHOQUE CON VEH. ESTACIONADO",2,0,0,0,0,2
2014,"20/10/2014","21:20","ROSALIA DE CASTRO",3," ","CHOQUE CON VEH. ESTACIONADO",1,0,0,0,0,2
2014,"17/10/2014","12:45","OLIMPICA",9," ","CHOQUE CON MURO",1,0,0,0,0,1
2014,"21/10/2014","20:45","CHOPERA",122," ","COLISION FRONTOLATERAL",2,0,0,0,0,2
2014,"22/10/2014","08:20","CAMINO VIEJO",2," ","CHOQUE MOB. URBA. SEÑAL.",3,0,0,0,0,3
2014,"24/10/2014","12:15","FERNANDO ALONSO (PARKING POLI)",8," ","COLISION POR ALCANCE",2,1,0,0,0,2
2014,"24/10/2014","08:17","GRANJA",100," ","COLISION FRONTOLATERAL",2,1,0,0,0,3
2014,"24/10/2014","15:00","HUERTAS",1,"CRUZ","CHOQUE CON VEH. ESTACIONADO",1,0,0,0,0,1
2014,"24/10/2014","18:25","LIBERTAD",20," ","COLISION LATERAL",2,0,0,0,0,2
2014,"24/10/2014","09:40","VEGA",5," ","COLISION POR ALCANCE",1,1,0,0,0,2
2014,"25/10/2014","19:55","JARAMA",3," ","CHOQUE CON VEH. ESTACIONADO",2,0,0,0,0,2
2014,"27/10/2014","00:39","VALENCIA",129," ","CHOQUE CON VEH. ESTACIONADO",2,0,0,0,0,2
2014,"27/10/2014","08:20","RAMON Y CAJAL",,"DOCTOR SEVERO OCHOA","COLISION FRONTOLATERAL",1,1,0,0,0,2
2014,"27/10/2014","12:35","MARQUES DE LA VALDAVIA",107," ","COLISION LATERAL",1,1,0,0,0,2
2014,"27/10/2014","07:15","LUIS RODRIGUEZ ONTIVEROS",,"MIRASIERRA","COLISION FRONTOLATERAL",2,0,0,0,0,2
2014,"27/10/2014","18:30","PEÑALARA",1," ","CHOQUE MOB. URBA. SEÑAL.",0,1,0,0,0,1
2014,"27/10/2014","17:30","OLIMPICA","SN"," ","CHOQUE CON VEH. ESTACIONADO",2,0,0,0,0,2
2014,"28/10/2014","10:10","ALCOBENDAS",," ","COLISION POR ALCANCE",2,0,0,0,0,2
2014,"28/10/2014","10:20","ARCE",,"OLMO","ATROPELLO PEATON",1,1,0,0,1,1
2014,"28/10/2014","07:20","ILUSION",,"FELICIDAD","CAIDA MOTORISTA",1,0,0,0,0,1
2014,"28/10/2014","13:40","SEPULVEDA",12," ","COLISION LATERAL",1,1,0,0,0,2
2014,"28/10/2014","08:45","CUESTABLANCA",213," ","CHOQUE CON VEH. ESTACIONADO",0,0,0,0,0,1
2014,"28/10/2014","15:00","VALENCIA",131," ","CHOQUE CON VEH. ESTACIONADO",0,0,0,0,0,2
2014,"29/10/2014","09:20","BRUSELAS",24," ","COLISION LATERAL",2,0,0,0,0,2
2014,"29/10/2014","10:25","CONDE DE LOS GAITANES",2," ","CHOQUE MOB. URBA. SEÑAL.",1,0,0,0,0,1
2014,"28/10/2014","21:50","MORALEJA",1," ","COLISION FRONTAL",2,0,0,0,0,2
2014,"29/10/2014","14:40","AZALEA",215," ","COLISION LATERAL",1,1,0,0,0,2
2014,"29/10/2014","18:00","CAMINO DEL ENCINAR",,"PARQUES","COLISION POR ALCANCE",3,0,0,0,0,2
2014,"29/10/2014","19:15","CRUZ",16," ","COLISION FRONTAL",2,0,0,0,0,2
2014,"29/10/2014","20:15","ISAAC ALBENIZ",9," ","CHOQUE CON VEH. ESTACIONADO",2,0,0,0,0,2
2014,"30/10/2014","00:20","BRUSELAS",21," ","CHOQUE CON VEH. ESTACIONADO",0,0,0,0,0,2
2014,"29/10/2014","08:40","CHOPERA",,"LIBERTAD","COLISION POR ALCANCE",2,0,0,0,0,2
2014,"30/10/2014","13:00","CHOPERA",108," ","COLISION LATERAL",2,0,0,0,0,2
2014,"30/10/2014","14:15","JOSE HIERRO",1," ","COLISION FRONTOLATERAL",0,2,0,0,0,2
2014,"30/10/2014","09:45","CONCILIO",15," ","COLISION FRONTOLATERAL",1,0,0,0,0,2
2014,"30/10/2014","16:45","BRUSELAS",16," ","COLISION FRONTLATERAL CICLISTA",2,1,0,0,0,3
2014,"30/10/2014","19:40","ESPAÑA","CV","MARQUES DE LA VALDAVIA","COLISION FRONTOLATERAL",3,0,0,0,0,2
2014,"30/10/2014","17:57","A-1 14.500 (CARREFOUR)",," ","COLISION LATERAL",1,1,0,0,0,2
2014,"30/10/2014","14:45","AFLIGIDOS",2," ","CHOQUE CON VEH. ESTACIONADO",2,0,0,0,0,2
2014,"31/10/2014","07:00","DOCTOR SEVERO OCHOA",29," ","CHOQUE CON VEH. ESTACIONADO",4,0,0,0,0,4
2014,"31/10/2014","16:30","AMURA",1," ","COLISION LATERAL",5,0,0,0,0,2
2014,"01/11/2014","00:10","CHOPERA",,"PINTOR GOYA","COLISION POR ALCANCE",1,2,0,0,0,3
2014,"01/11/2014","07:40","MADRID",8," ","CHOQUE MOB. URBA. SEÑAL.",1,0,0,0,0,1
2014,"01/11/2014","19:55","LIBERTAD",,"MADRID","COLISION FRONTOLATERAL",1,2,0,0,0,2
2014,"31/10/2014","23:00","A-1 (BURGOS)",15," ","ATROPELLO ANIMAL",1,0,0,0,0,1
2014,"02/11/2014","21:00","MARQUES DE LA VALDAVIA",107," ","CAIDA MOTORISTA",0,1,0,0,0,1
2014,"01/11/2014","20:10","LIBERTAD",6," ","CHOQUE MOB. URBA. SEÑAL.",2,0,0,0,0,1
2014,"03/11/2014","16:10","JOSE HIERRO",," ","COLISION FRONTOLATERAL",2,0,0,0,0,2
2014,"04/11/2014","09:55","VALDELAPARRA",2," ","COLISION POR ALCANCE",2,0,0,0,0,2
2014,"04/11/2014","13:53","MEQUINENZA",10," ","ATROPELLO PEATON",1,1,0,0,1,1
2014,"04/11/2014","16:05","SEVERO OCHOA",49," ","COLISION LATERAL",1,1,0,0,0,2
2014,"04/11/2014","15:30","JACINTO BENAVENTE",3," ","CHOQUE CON VEH. ESTACIONADO",2,0,0,0,0,2
2014,"04/11/2014","20:35","BRUSELAS",14," ","COLISION FRONTOLATERAL",2,0,0,0,0,2
2014,"05/11/2014","13:50","RUPERTO CHAPI",,"ISAAC ALBENIZ","COLISION POR ALCANCE",2,0,0,0,0,2
2014,"05/11/2014","16:50","MIGUEL DE CERVANTES","S/N"," ","ATROPELLO PEATON",1,0,1,0,1,1
2014,"06/11/2014","01:45","JUAN ANTONIO SAMARANCH",1," ","CHOQUE CON VEH. ESTACIONADO",2,0,0,0,0,3
2014,"06/11/2014","06:00","GRANJA",29," ","CHOQUE CON MURO",1,0,0,0,0,1
2014,"07/11/2014","12:40","MARQUES DE LA VALDAVIA",43,"ZAMORA","CAIDA MOTORISTA",2,0,0,0,0,2
2014,"07/11/2014","15:50","DOLORES IBARRURI",,"MIGUEL DE CERVANTES","COLISION POR ALCANCE",2,0,0,0,0,2
2014,"02/10/2014","15:58","DOCTOR SEVERO OCHOA",1," ","CHOQUE CON OBSTACULO",1,0,0,0,0,1
2014,"07/11/2014","23:20","CHOPERA",,"QUEVEDO","CAIDA MOTORISTA",1,0,0,0,0,1
2014,"08/11/2014","21:35","CONSTITUCION",,"MANUEL DE FALLA","COLISION FRONTOLATERAL",2,0,0,0,0,2
2014,"09/11/2014","06:05","A-1 (SALIDA 16) VALDELAPARRA","S/N"," ","SALIDA DE VIA",4,0,0,0,0,1
2014,"09/11/2014","12:45","A-1 14.500 (CARREFOUR)",," ","COLISION FRONTAL",2,0,0,0,0,2
2014,"09/11/2014","13:55","M-603 4.500 (RIO NORTE)","4,5"," ","CHOQUE CON VEH. ESTACIONADO",3,0,0,0,0,3
2014,"10/11/2014","12:00","PARIS",1," ","CHOQUE MOB. URBA. SEÑAL.",1,0,0,0,0,1
2014,"11/11/2014","15:40","BARCELONA",36," ","COLISION POR ALCANCE",2,0,0,0,0,2
2014,"12/11/2014","11:30","ISLAS BIKINI",10," ","CHOQUE CON VEH. ESTACIONADO",3,0,0,0,0,3
2014,"12/11/2014","14:24","AZALEA",494," ","CHOQUE CON OBSTACULO",1,1,0,0,0,2
2014,"12/11/2014","16:45","ANABEL SEGURA",7," ","COLISION FRONTAL CICLISTA",1,1,0,0,0,2
2014,"24/10/2014","13:40","PETUNIA","S/N"," ","CHOQUE CON VEH. ESTACIONADO",2,0,0,0,0,2
2014,"13/11/2014","16:40","CHOPERA",,"JACINTO BENAVENTE","COLISION POR ALCANCE",1,1,0,0,0,2
2014,"13/11/2014","19:45","CAMINO SUR",18," ","COLISION FRONTOLATERAL",1,1,0,0,0,2
2014,"13/11/2014","22:30","MANUEL DE FALLA",," ","COLISION POR ALCANCE",1,1,0,0,0,2
2014,"14/11/2014","09:00","AMURA","S/N"," ","CAIDA DE CARGA DE VEHÍCULO",1,0,0,0,0,1
2014,"14/11/2014","09:40","ESPLIEGO",2," ","CHOQUE MOB. URBA. SEÑAL.",2,0,0,0,0,2
2014,"14/11/2014","10:50","CHOPERA",51," ","CHOQUE CON VEH. ESTACIONADO",2,0,0,0,0,2
2014,"14/11/2014","14:35","BARAJAS (DE)",1," ","COLISION POR ALCANCE",4,0,0,0,0,3
2014,"15/11/2014","05:00","RUPERTO CHAPI",95,"ESPAÑA","CHOQUE CON VEH. ESTACIONADO",3,0,0,0,0,2
2014,"15/11/2014","09:55","CONSTITUCION",101," ","COLISION POR ALCANCE",3,0,0,0,0,2
2014,"15/11/2014","18:05","PINTOR RIBERA",3," ","CHOQUE CON VEH. ESTACIONADO",1,0,0,0,0,2
2014,"15/11/2014","21:55","BRUSELAS",20," ","COLISION POR ALCANCE",5,1,0,0,0,2
2014,"16/11/2014","18:40","SALVADOR ALLENDE",31," ","COLISION POR ALCANCE",2,2,0,0,0,2
2014,"13/11/2014","10:30","ESPAÑA","S/N"," ","CHOQUE CON VEH. ESTACIONADO",2,0,0,0,0,2
2014,"17/11/2014","13:29","MARQUES DE LA VALDAVIA",,"ESPAÑA","COLISION FRONTOLATERAL",2,0,0,0,0,2
2014,"13/11/2014","08:00","ESPAÑA",,"VEGA","COLISION POR ALCANCE",3,0,0,0,0,3
2014,"17/11/2014","14:32","LIBERTAD",,"MARQUES DE LA VALDAVIA","COLISION LATERAL",2,0,0,0,0,2
2014,"17/11/2014","20:05","MIRAFLORES",,"CONSTITUCION","ATROPELLO PEATON",1,1,0,0,1,1
2014,"18/11/2014","16:50","VALDELAPARRA","CV","CHOPERA","COLISION FRONTOLATERAL",3,0,0,0,0,2
2014,"19/11/2014","22:30","ESPAÑA",42," ","CHOQUE CON VEH. ESTACIONADO",2,0,0,0,0,2
2014,"20/11/2014","11:05","BARAJAS (DE)",,"VEGA","COLISION POR ALCANCE",2,1,0,0,0,2
2014,"20/11/2014","18:45","HIEDRA",59," ","CHOQUE CON VEH. ESTACIONADO",3,0,0,0,0,2
2014,"21/11/2014","01:20","PETUNIA",15," ","CHOQUE CON VEH. ESTACIONADO",2,0,0,0,0,2
2014,"21/11/2014","10:35","RUPERTO CHAPI",,"MAESTRO GRANADOS","COLISION FRONTOLATERAL",2,0,0,0,0,2
2014,"21/11/2014","10:55","CHOPERA",204," ","COLISION POR ALCANCE",2,0,0,0,0,2
2014,"21/11/2014","09:05","CAMINO ANCHO",84," ","COLISION LATERAL",2,0,0,0,0,2
2014,"21/11/2014","18:27","CONDE DE LOS GAITANES",177," ","CHOQUE CON OBSTACULO",1,0,0,0,0,1
2014,"21/11/2014","20:10","ARCE",5," ","CHOQUE CON VEH. ESTACIONADO",1,0,0,0,0,2
2014,"21/11/2014","22:45","VIÑAS",," ","CHOQUE CON VEH. ESTACIONADO",2,0,0,0,0,2
2014,"21/11/2014","22:45","VIÑAS",1," ","CHOQUE CON VEH. ESTACIONADO",2,0,0,0,0,2
2014,"22/11/2014","06:00","MARQUESA VIUDA ALDAMA",25," ","COLISION FRONTOLATERAL",3,0,0,0,0,2
2014,"22/11/2014","14:30","EUROPA",10," ","CHOQUE CON OBSTACULO",0,0,0,0,0,1
2014,"23/11/2014","18:30","MENINA",,"CHOPERA","COLISION POR ALCANCE",2,0,0,0,0,2
2014,"24/11/2014","20:10","BARAJAS (DE)",3," ","COLISION LATERAL",3,0,0,0,0,2
2014,"25/11/2014","20:35","RUPERTO CHAPI",,"BLAS DE OTERO","CHOQUE CON VEH. ESTACIONADO",3,0,0,0,0,2
2014,"25/11/2014","20:00","SANTIAGO APOSTOL",2," ","COLISION LATERAL",2,0,0,0,0,2
2014,"26/11/2014","15:00","FUENTELUCHA",,"FANTASIA","CHOQUE CON VEH. ESTACIONADO",2,0,0,0,0,2
2014,"26/11/2014","16:15","BEGONIA",135," ","CHOQUE CON VEH. ESTACIONADO",2,0,0,0,0,2
2014,"25/11/2014","12:55","JUAN MANUEL SANCHEZ PEDAGOGO",," ","COLISION LATERAL",2,0,0,0,0,2
2014,"27/11/2014","14:11","ESPAÑA",54," ","CAIDA MOTORISTA",1,1,0,0,0,2
2014,"27/11/2014","08:35","CHOPERA",,"ESPAÑA","COLISION LATERAL",2,0,0,0,0,2
2014,"27/11/2014","12:30","CONDE DE LOS GAITANES",145," ","CHOQUE CON VEH. ESTACIONADO",2,0,0,0,0,3
2014,"27/11/2014","14:50","VALDELATAS",,"PEÑALARA","CAIDA MOTORISTA",1,0,0,0,0,1
2014,"27/11/2014","15:00","A-1 (SALIDA 14) VIA SERV.ALCOB",,"YUCA","COLISION POR ALCANCE",2,0,0,0,0,2
2014,"27/11/2014","16:30","LIBERTAD","CV","ANTONIO MACHADO","COLISION POR ALCANCE",4,0,0,0,0,3
2014,"27/11/2014","19:10","CHOPERA",,"VALDELAPARRA","COLISION FRONTLATERAL CICLISTA",2,0,0,0,0,2
2014,"28/11/2014","11:10","MARQUESA VIUDA ALDAMA",,"ESPAÑA","COLISION FRONTOLATERAL",2,0,0,0,0,2
2014,"28/11/2014","18:50","LIBERTAD",49," ","COLISION POR ALCANCE",2,0,0,0,0,2
2014,"28/11/2014","22:05","MANUEL DE FALLA",,"DOLORES IBARRURI","CHOQUE CON OBSTACULO",1,0,0,0,0,1
2014,"29/11/2014","06:53","RAFAEL NADAL",,"FRANCISCO FERNANDEZ OCHOA","CHOQUE MOB. URBA. SEÑAL.",1,0,0,0,0,1
2014,"29/11/2014","11:40","CHOPERA",,"SEVERO OCHOA","COLISION LATERAL",2,0,0,0,0,2
2014,"29/11/2014","12:00","SALVADOR ALLENDE",20," ","COLISION POR ALCANCE",2,0,0,0,0,2
2014,"29/11/2014","14:05","MARQUES DE LA VALDAVIA",,"SEVERO OCHOA","CAIDA MOTORISTA",0,1,0,0,0,1
2014,"30/11/2014","23:00","CHOPERA",,"ESPAÑA","CHOQUE CON OBSTACULO",1,0,0,0,0,1
2014,"01/12/2014","09:19","M-616 (GOLOSO)","KM-1"," ","COLISION POR ALCANCE",2,0,0,0,0,2
2014,"01/12/2014","16:00","VEGA",16," ","COLISION FRONTOLATERAL",2,0,1,0,0,2
2014,"02/12/2014","13:00","MOSCATELARES",,"SALVADOR ALLENDE","COLISION FRONTOLATERAL",2,0,0,0,0,2
2014,"02/12/2014","14:20","ESPAÑA",,"NUESTRA SEÑORA DEL PILAR","COLISION FRONTOLATERAL",2,0,0,0,0,2
2014,"02/12/2014","20:30","OVIEDO",,"FUEGO","COLISION FRONTAL",2,0,0,0,0,2
2014,"03/12/2014","00:05","BACHILLER ALONSO LOPEZ",15," ","CHOQUE CON VEH. ESTACIONADO",2,0,0,0,0,2
2014,"03/12/2014","14:05","CANTABRIA",2," ","COLISION POR ALCANCE",3,0,0,0,0,3
2014,"03/12/2014","07:30","A-1 (SALIDA 14) VIA SERV.ALCOB",1," ","CHOQUE CON VEH. ESTACIONADO",1,0,0,0,0,2
2014,"03/12/2014","14:40","BRUSELAS",12," ","COLISION POR ALCANCE",2,0,0,0,0,2
2014,"01/12/2014","12:54","FRANCISCO CHICO MENDES",1," ","CHOQUE CON VEH. ESTACIONADO",2,0,0,0,0,2
2014,"04/12/2014","12:55","MARQUES DE LA VALDAVIA",77," ","COLISION LATERAL",3,0,0,0,0,2
2014,"04/12/2014","20:00","SALAMANCA",2," ","CHOQUE CON OBSTACULO",1,0,0,0,0,2
2014,"04/12/2014","12:30","ARAGONESES",7," ","CHOQUE CON VEH. ESTACIONADO",2,0,0,0,0,2
2014,"05/12/2014","16:30","CONDE DE LOS GAITANES",,"CUESTA DE LA SIERRA","COLISION FRONTOLATERAL",0,3,0,0,0,2
2014,"05/12/2014","20:20","RAMON Y CAJAL",,"DOCTOR SEVERO OCHOA","COLISION LATERAL",1,1,0,0,0,2
2014,"06/12/2014","09:30","OLIMPICA",20," ","COLISION POR ALCANCE",2,0,0,0,0,2
2014,"05/12/2014","08:00","VALDELAPARRA",,"INDUSTRIA","COLISION POR ALCANCE",2,0,0,0,0,2
2014,"05/12/2014","10:15","OLIMPICA",9," ","CHOQUE CON VEH. ESTACIONADO",2,0,0,0,0,2
2014,"07/12/2014","18:00","EUROPA",9," ","COLISION POR ALCANCE",5,0,0,0,0,2
2014,"08/12/2014","01:25","CAMILO JOSE CELA",1," ","SALIDA DE VIA",1,1,0,0,0,1
2014,"08/12/2014","19:44","SALVADOR ALLENDE",,"MENINA","ATROPELLO PEATON",0,0,0,0,0,1
2014,"09/12/2014","11:39","CONSTITUCION",127," ","COLISION LATERAL",1,0,0,0,0,2
2014,"09/12/2014","10:00","VALDELAPARRA",,"MALICIOSA","COLISION POR ALCANCE",2,0,0,0,0,2
2014,"09/12/2014","14:50","DALIA",,"JAZMIN","VUELCO",1,0,0,0,0,1
2014,"09/12/2014","15:08","EUROPA",20," ","COLISION POR ALCANCE",2,0,0,0,0,3
2014,"09/12/2014","17:00","CAMINO ANCHO",56," ","CHOQUE MOB. URBA. SEÑAL.",1,0,0,0,0,1
2014,"09/12/2014","21:00","ESPAÑA",21," ","COLISION POR ALCANCE",2,1,0,0,0,2
2014,"09/12/2014","20:45","ALAVA",7," ","CHOQUE CON VEH. ESTACIONADO",0,0,0,0,0,2
2014,"09/12/2014","21:50","FUENCARRAL",98," ","CHOQUE CON MURO",1,0,0,0,0,2
2014,"03/12/2014","10:40","ESPAÑA",,"JARAMA","COLISION FRONTOLATERAL",2,0,0,0,0,2
2014,"10/12/2014","16:30","FUEGO",,"TOMAS RODRIGUEZ PUERTAS","CHOQUE CON VEH. ESTACIONADO",1,0,0,0,0,2
2014,"10/12/2014","15:20","HUELVA",,"VALDELAPARRA","COLISION FRONTOLATERAL",2,0,0,0,0,2
2014,"10/12/2014","16:02","ESPAÑA",,"CHOPERA","COLISION FRONTOLATERAL",2,0,0,0,0,2
2014,"10/12/2014","19:00","LIBERTAD",,"TURCO","COLISION FRONTOLATERAL",4,0,0,0,0,2
2014,"11/12/2014","11:30","INDUSTRIA",,"VALDELAPARRA","COLISION LATERAL",2,0,0,0,0,2
2014,"11/12/2014","13:30","ZAPORRA",,"TARRAGONA","COLISION FRONTAL",2,0,0,0,0,2
2014,"11/12/2014","14:17","HUELVA",5," ","CHOQUE CON VEH. ESTACIONADO",2,0,0,0,0,2
2014,"11/12/2014","17:10","ESPAÑA",72," ","COLISION POR ALCANCE",2,0,0,0,0,2
2014,"11/12/2014","18:55","ERMITA",,"GUINDALERA","ATROPELLO PEATON",1,1,0,0,1,1
2014,"12/12/2014","15:05","VALDELAPARRA","CV","MARQUES DE LA VALDAVIA","COLISION FRONTOLATERAL",2,0,0,0,0,2
2014,"13/12/2014","16:30","FUENCARRAL",,"FRANCISCO GERVAS","COLISION FRONTOLATERAL",2,0,0,0,0,2
2014,"13/12/2014","11:29","AMURA",," ","CHOQUE CON MURO",1,1,0,0,0,2
2014,"13/12/2014","15:10","TARRAGONA",,"ZAPORRA","COLISION FRONTOLATERAL",2,0,0,0,0,2
2014,"13/12/2014","20:20","RUPERTO CHAPI",20," ","COLISION LATERAL",3,0,0,0,0,2
2014,"13/12/2014","18:20","CHOPERA",,"DOCTOR SEVERO OCHOA","COLISION FRONTOLATERAL",2,0,0,0,0,2
2014,"13/12/2014","19:00","VALDELAPARRA",,"FUENCARRAL","COLISION FRONTOLATERAL",5,0,0,0,0,2
2014,"14/12/2014","15:48","MOSCATELARES",1," ","SALIDA DE VIA",0,1,0,0,0,1
2014,"15/12/2014","10:30","OLIMPICA",,"ANABEL SEGURA","CHOQUE CON VEH. ESTACIONADO",1,0,0,0,0,2
2014,"15/12/2014","16:15","BRUSELAS",,"SALVIA","COLISION FRONTOLATERAL",1,1,0,0,0,2
2014,"15/12/2014","18:30","AMURA",,"INDUSTRIA","COLISION POR ALCANCE",2,0,0,0,0,2
2014,"15/12/2014","20:00","FUEGO",,"SARIÑENA","COLISION FRONTOLATERAL",3,0,0,0,0,2
2014,"10/12/2014","08:57","MIRAFLORES",2," ","CHOQUE CON MURO",1,0,0,0,0,1
2014,"16/12/2014","08:10","OLIMPICA",,"ERMITA","COLISION FRONTOLATERAL",3,0,0,0,0,2
2014,"15/12/2014","12:10","MENINA",1," ","COLISION FRONTOLATERAL",2,0,0,0,0,2
2014,"16/12/2014","13:10","VALDELASFUENTES",8," ","ATROPELLO PEATON",2,0,0,0,1,1
2014,"16/12/2014","22:20","OLIMPICA",1," ","SALIDA DE VIA",1,0,0,0,0,1
2014,"16/12/2014","08:05","MENINA",1,"CANTABRIA","COLISION POR ALCANCE",2,0,0,0,0,2
2014,"17/12/2014","13:00","CHOPERA",,"PINTOR MURILLO","CHOQUE MOB. URBA. SEÑAL.",1,0,0,0,0,1
2014,"17/12/2014","23:00","OVIEDO",4,"FUEGO","COLISION POR ALCANCE",2,0,0,0,0,2
2014,"18/12/2014","09:05","OLIMPICA",6," ","CHOQUE MOB. URBA. SEÑAL.",1,0,0,0,0,1
2014,"18/12/2014","17:00","ESPAÑA",58," ","COLISION LATERAL",3,0,0,0,0,2
2014,"18/12/2014","16:30","A-1 14.500 (CARREFOUR)",1," ","CHOQUE CON VEH. ESTACIONADO",2,0,0,0,0,2
2014,"18/12/2014","17:00","CALABOZOS",13," ","COLISION FRONTOLATERAL",1,1,0,0,0,2
2014,"19/12/2014","09:50","FRANCISCO CHICO MENDES",," ","ATROPELLO PEATON",1,2,0,0,2,1
2014,"19/12/2014","11:48","INDUSTRIA",13," ","ATROPELLO PEATON",1,1,0,0,1,1
2014,"19/12/2014","12:30","CAMINO ALTO",,"CAMINO DE LAS JARAS","CAIDA MOTORISTA",0,1,0,0,0,1
2014,"17/12/2014","16:45","MARQUES DE LA VALDAVIA",3," ","COLISION POR ALCANCE",2,0,0,0,0,2
2014,"19/12/2014","18:55","ESPAÑA",19,"SAUCE","ATROPELLO PEATON",1,0,1,0,1,1
2014,"19/12/2014","20:38","FRANCISCA DELGADO",7," ","COLISION FRONTOLATERAL",2,0,0,0,0,2
2014,"20/12/2014","07:30","MOSCATELARES",," ","CHOQUE MOB. URBA. SEÑAL.",2,0,0,0,0,2
2014,"20/12/2014","12:15","BARAJAS (DE)","CV","NACIONAL I KM","COLISION POR ALCANCE",2,0,0,0,0,2
2014,"19/12/2014","20:45","ESPAÑA","CV","CONSTITUCION","COLISION POR ALCANCE",1,0,0,0,0,2
2014,"21/12/2014","17:20","BRUSELAS",1," ","CHOQUE CON VEH. ESTACIONADO",1,0,0,0,0,2
2014,"21/12/2014","21:30","RUPERTO CHAPI",," ","ATROPELLO PEATON",0,1,0,0,1,1
2014,"22/12/2014","11:05","CAMINO DE LAS JARAS",1," ","CAIDA MOTORISTA",1,0,0,0,0,1
2014,"22/12/2014","12:08","RAFAEL NADAL",1," ","COLISION LATERAL",2,2,0,0,0,3
2014,"22/12/2014","21:15","PARIS",1," ","COLISION POR ALCANCE",1,1,0,0,0,2
2014,"22/12/2014","19:30","ESPAÑA",,"CONSTITUCION","COLISION FRONTOLATERAL",3,0,0,0,0,2
2014,"23/12/2014","03:20","MANUEL DE FALLA",14," ","SALIDA DE VIA",1,0,0,0,0,1
2014,"23/12/2014","11:55","AMURA",," ","COLISION LATERAL",3,0,0,0,0,2
2014,"22/12/2014","11:15","ERMITA",,"OLIMPICA","COLISION POR ALCANCE",2,0,0,0,0,2
2014,"23/12/2014","13:20","CHOPERA",19," ","COLISION POR ALCANCE",2,0,0,0,0,2
2014,"23/12/2014","15:45","OLIMPICA",24," ","COLISION POR ALCANCE",3,0,0,0,0,2
2014,"23/12/2014","18:45","CALABOZOS",14," ","CAIDA MOTORISTA",1,0,1,0,0,2
2014,"24/12/2014","01:45","ESPAÑA",15," ","CHOQUE CON VEH. ESTACIONADO",2,0,0,0,0,2
2014,"24/12/2014","05:55","CAMINO DEL GOLF",2," ","CHOQUE CON MURO",1,0,0,0,0,1
2014,"23/12/2014","12:50","MOSCATELARES",," ","COLISION POR ALCANCE",2,0,0,0,0,2
2014,"24/12/2014","11:40","A-1 14.500 (CARREFOUR)",1," ","ATROPELLO PEATON",1,1,0,0,1,1
2014,"24/12/2014","18:45","RAMON Y CAJAL",,"DOCTOR SEVERO OCHOA","CAIDA MOTORISTA",1,1,0,0,0,2
2014,"25/12/2014","03:10","MENINA",,"SALVADOR ALLENDE","COLISION FRONTOLATERAL",2,0,0,0,0,2
2014,"25/12/2014","19:15","MARQUES DE LA VALDAVIA",113," ","ATROPELLO PEATON",2,1,0,0,1,1
2014,"25/12/2014","18:35","VIÑAS",5," ","CHOQUE CON VEH. ESTACIONADO",0,0,0,0,0,2
2014,"26/12/2014","06:41","VALDELAPARRA",1," ","SALIDA DE VIA",1,0,0,0,0,1
2014,"26/12/2014","07:50","VALDELAPARRA",124," ","CHOQUE MOB. URBA. SEÑAL.",1,0,0,0,0,1
2014,"26/12/2014","09:50","ESPAÑA",54," ","ATROPELLO PEATON",1,1,0,0,1,1
2014,"26/12/2014","09:50","ESPAÑA",54," ","ATROPELLO PEATON",0,0,0,0,0,0
2014,"26/12/2014","20:15","CONSTITUCION",41," ","COLISION POR ALCANCE",3,0,0,0,0,2
2014,"27/12/2014","21:50","BEGONIA",18," ","COLISION FRONTOLATERAL",1,0,0,0,0,2
2014,"28/12/2014","23:00","REAL VIEJA",,"FUENTIDUEÑA","CHOQUE CON OBSTACULO",1,1,0,0,0,2
2014,"28/12/2014","21:45","MARQUES DE LA VALDAVIA",64," ","CHOQUE CON VEH. ESTACIONADO",2,0,0,0,0,2
2014,"29/12/2014","13:47","CHOPERA",43," ","CAIDA PASAJERO",2,0,0,0,0,1
2014,"30/12/2014","13:00","PETUNIA",,"NARDO","ATROPELLO PEATON",1,1,0,0,1,1
2014,"30/12/2014","17:26","OLIVAR",6," ","COLISION POR ALCANCE",3,0,0,0,0,2
2014,"30/12/2014","16:40","MARQUES DE LA VALDAVIA",60," ","COLISION POR ALCANCE",1,1,0,0,0,2
2014,"30/12/2014","16:45","EUROPA",17," ","COLISION POR ALCANCE",1,1,0,0,0,2
2014,"30/12/2014","19:30","MARQUES DE LA VALDAVIA",1," ","CHOQUE CON VEH. ESTACIONADO",2,0,0,0,0,2
2014,"31/12/2014","07:30","CAMINO ALTO",22," ","CHOQUE CON ARBOL",2,0,0,0,0,2
2014,"31/12/2014","13:20","SUERTE",,"FUENTELUCHA","COLISION LATERAL",2,0,0,0,0,2
2014,"30/12/2014","16:25","VALDELAPARRA",3," ","CHOQUE CON VEH. ESTACIONADO",2,0,0,0,0,2
2014,"31/12/2014","15:50","AMURA",1," ","COLISION FRONTOLATERAL",2,0,0,0,0,2
2014,"31/12/2014","15:15","DOCTOR SEVERO OCHOA",,"MARQUES DE LA VALDAVIA","COLISION FRONTOLATERAL",2,0,0,0,0,2
2014,"31/12/2014","16:50","BRUSELAS",32," ","CHOQUE MOB. URBA. SEÑAL.",1,0,0,0,0,2
2014,"31/12/2014","17:05","ESPAÑA",,"CHOPERA","COLISION FRONTOLATERAL",3,0,0,0,0,2
2014,"31/05/2014","16:45","CHOPERA",60," ",,1,0,0,0,0,1
2014,"09/12/2014","16:28","BRUSELAS",,"NARDO","COLISION FRONTOLATERAL",1,1,0,0,0,2
2014,"20/11/2014","08:55","ILUSION",,"FELICIDAD","COLISION POR ALCANCE",2,2,0,0,0,2
2014,"27/11/2014","11:20","LIBERTAD",1," ",,0,0,1,0,1,0
2014,"27/12/2014","19:00","PABLO PICASSO",73," ","COLISION POR ALCANCE CICLISTA",0,0,1,0,0,2
"TOTAL 2014",,,,,,,1886,281,41,0,87,1963
